average_speed,vehicle_density,average_waiting_time,flow_direction_ratio
17.241426816310476,0.7741468391437512,39.88614542692994,0.6630351592494728
28.829394850776268,0.7740150831610914,44.23147242101615,0.7062212668644218
21.514619415574444,0.7640369276174961,37.85235112574945,0.6706535297675541
20.894709948142356,0.95,43.127185826084705,0.6432409589949035
19.8897074922567,0.95,49.33179571464331,0.7096455519650644
21.338467995208884,0.8105740208731811,50.23762011197468,0.7307935306366122
23.200413851065164,0.6910524162212003,39.584112388746725,0.6979549328291613
12.68385338782948,0.930029339991577,49.62074298810925,0.7382005730918987
21.95089147640603,0.9332553409728407,43.96904023837074,0.6334180068891563
12.251663819251533,0.8890929565966794,44.088113463094224,0.714658806516868
21.399209864790986,0.6665341073610839,36.735684839034974,0.797007701503787
23.635046634631433,0.8307140257615795,39.58582049431115,0.7359533010742583
22.856642376318117,0.8593449314573088,36.61348060261939,0.7437776779243207
12.175239476635912,0.95,43.78393954921422,0.5819018936554331
21.093835010377937,0.755762737414151,42.17988389433937,0.6877286773557774
17.365111708262354,0.7862075972006332,45.16415894659759,0.7263971565234564
16.09850918080985,0.8874315828361301,42.58310028691815,0.7754442656401977
18.278460926202207,0.7821577324318916,39.096332521400605,0.7018024679477911
12.289193929848583,0.917984026823904,54.29975235056442,0.6647707770623772
23.721143302008226,0.7497668155062275,47.76752649156733,0.6840909598006063
21.70488796551396,0.7965638276658319,41.55877954056478,0.6812138284901383
23.303220718268292,0.7340001301202506,54.19102156717575,0.7464451977887914
8.280639446366706,0.6899370698387212,48.01046665839293,0.674406715661519
23.72179978359338,0.95,41.50649325832165,0.6944499874881751
19.352515336643666,0.8075097572276482,41.452678596475664,0.7440139498092867
19.249795345142918,0.7990092795746472,43.52558896229619,0.6524945601787346
15.223806040703916,0.8362710153039008,45.559721019042854,0.6605941313685023
22.78684434055747,0.7700006495018943,45.39691893180236,0.6834705743452603
25.826145306410908,0.9279034347178992,44.941370676200926,0.7428804637942843
21.9351126290041,0.9347109027535837,47.041584187669436,0.712109975852861
20.586555115955278,0.95,44.60123779187692,0.6717521252448091
22.122093239551777,0.95,32.71974524098176,0.7163623022755757
30.255134630938464,0.6773987805954491,50.866646410793344,0.6724381695920059
23.24773088931925,0.8520444430888519,43.14966341271702,0.7903504888918244
23.16761800644585,0.9002450202489638,40.35066464956701,0.6653561994019016
22.617832295708595,0.809598716112727,43.458878118776624,0.7950393477584968
18.859071167404565,0.8339519656390595,41.08974602023887,0.7324563266835559
22.80539680519703,0.8400206787080375,47.489468913608526,0.6926448141794689
22.44368008238814,0.95,50.41945216778214,0.7102486059273766
22.136061419425022,0.8479756864532286,47.34286485161463,0.6794728919778953
23.590235077741884,0.8701328670084614,54.61611578076078,0.7119129510561066
16.404917981849657,0.7613208134599667,45.32441219782772,0.6414173827890082
26.606452904051096,0.8134743200164595,35.04698142254415,0.7396494576397044
19.78691607235946,0.95,40.50477428746857,0.7194297677397407
25.783796329799006,0.793620355612133,46.12685955350485,0.6689527770388903
13.124559924557609,0.8441209952490255,50.9730447631096,0.6544185123301919
21.093325238552673,0.8184648568170423,43.134246318675,0.7055848182872362
21.653970684596263,0.9458983966940991,48.20117364534915,0.6798710054894767
18.49440286572745,0.8058626814822123,41.030870917711056,0.7559140111726339
21.21916229849848,0.95,42.814719104989614,0.7022737805862717
21.75291939178703,0.95,41.47975092774832,0.7271631765555631
20.686875279009456,0.8170881711510863,46.762098692750634,0.7459342243170364
18.727088991859464,0.8942902706906765,43.845225349623966,0.7916223522506087
16.458446547148068,0.863478644023242,41.998496149873105,0.6096496642851814
22.877163434381192,0.8728069205896979,42.83847190685591,0.707350328882204
20.782270349484307,0.6928184957944742,40.22678883995568,0.7457886176107424
19.238419400876573,0.95,42.20631982959359,0.6449573602169292
25.087851914886684,0.9028445485675393,45.48272509640707,0.7035772094253951
14.21495261365289,0.8723343421975585,50.7362029213628,0.7312113413964116
15.053015969809493,0.814726629622656,48.47101143157794,0.7388866176199675
16.355991904914504,0.8786745265694413,49.76754219590477,0.6657509711686352
22.92631738461067,0.8727546137343788,34.74466107339299,0.6642727310379162
25.63563032950917,0.95,40.55331004541699,0.6595428813174959
25.896636778462202,0.9123977307044898,36.78189292614158,0.734606587036935
19.754313027972586,0.726752988082409,42.55149941732844,0.6080005612629511
14.716613207799393,0.95,45.94314939855024,0.7225859851043699
14.52341437685494,0.95,45.31488872432765,0.6998909120616592
15.335365123749163,0.8308355431189173,42.47909862049765,0.7587140696862983
16.61086974649306,0.7583763070054668,44.77120734737732,0.6880595398763545
27.527269300827108,0.8198038170680982,51.72401050213696,0.6870927809469506
10.92417085746803,0.8622441776910441,47.272733071181435,0.6606025096125199
18.505077229578063,0.7076062571891844,46.13700294450256,0.7731721637281757
15.671716597593882,0.95,46.12286950949362,0.6720068665462869
20.909672253803777,0.7332600716520099,45.84453023475052,0.7130237140582661
27.753127902735372,0.8423081697840891,47.33925195512736,0.6849511901014462
18.621915454244952,0.8745217008911659,34.67999769798181,0.7897232663310488
17.998970561253433,0.9471595002426043,44.86244815634577,0.6570161714013097
20.55017904624914,0.6535972820062073,40.100145438835106,0.7303037612989528
18.25408972575482,0.8351332161653396,41.34650287739794,0.7270189078889349
22.320058068556225,0.6123158416772618,45.93917975559679,0.6892999027824183
26.636570470407815,0.7700756114457589,37.266429104036554,0.7013534606600774
28.817302748318237,0.7795951836086097,40.43684101615772,0.68409863595363
17.46727185796877,0.95,52.271256970989846,0.6608699408439115
25.740493732702078,0.8847145030162259,52.82789453526254,0.7409824165691978
27.28652235889822,0.8983941323845969,40.4740538418057,0.7175978458907147
14.612051220855422,0.8365110917992786,38.62443591984696,0.7758656721531941
24.107849428732827,0.8527380816855947,50.245373932668095,0.7090396144150753
21.442701486164307,0.7915377537360603,53.1498058498935,0.5854466147426268
19.451948539547274,0.8695126786980749,51.335778034540645,0.7545073436652864
22.61093772494186,0.7572056361696552,44.197049042222304,0.7231707127735788
18.808596239008143,0.7698146724161917,40.68011800186751,0.6772435002141307
17.074765674301762,0.8843523121346313,44.731274809585905,0.6504431204665799
16.783451461505138,0.8035504380410241,47.43183930836767,0.6470494548924364
16.38108129688197,0.8010272334714369,41.074230144428746,0.6656338862931072
14.461887778222291,0.7564636784523509,57.375638981435564,0.6897446484366864
11.906008183725593,0.8633094102410602,42.581239787068064,0.6638341575017893
19.90736859229759,0.95,42.389487223274415,0.7503060278371376
22.111825000499834,0.8839657107865718,43.78437669641726,0.7111556776518833
20.057468131048402,0.7627316059367792,43.037635133173126,0.665488121195384
13.894139155487764,0.95,42.932858265887205,0.7105682828728069
17.673719178217738,0.95,39.58648276475893,0.6699599428259413
11.633322654625728,0.9103665132693505,46.646047066142195,0.7482797693425656
20.657596048376515,0.9376165341276428,49.45628620830148,0.7294119350605519
34.736218007903865,0.9328667053269338,37.4626956327555,0.7493859702383645
19.775998771646858,0.756455154614221,51.71976619244263,0.7123951579476798
23.915788119225308,0.8598419955983256,41.81055653447278,0.7211148502170527
22.31135558951373,0.888721008133661,56.526968886541425,0.8170636466040024
26.856203338514334,0.6020115263823033,49.261019788272506,0.7439306601584117
12.549425796509835,0.9399878874622233,50.711365574174266,0.7479564232381334
21.777518318325342,0.8100630677367904,50.88330238602572,0.7884469746564853
24.10843048326132,0.775012513244282,46.78910423419412,0.6763896764179634
19.03772764323469,0.7976675111531849,48.67081138645743,0.6133376182338567
16.54782458553082,0.9341724177499373,38.62817432264806,0.6962497467481749
16.120197162600494,0.7729099437589464,45.67654821963134,0.6562979388531873
26.99718631962354,0.7724515142178986,46.54349855827639,0.6506053412904048
33.14909110526922,0.8134323169529897,53.48091319803618,0.7370771427391929
16.649818936555082,0.95,42.192960161315156,0.7048380648381246
17.582884769756056,0.95,42.32638533255941,0.7066945626190432
17.31195896284339,0.7491490354729049,37.70853183430875,0.7030384376465804
27.718311079373876,0.8120319476106941,47.01645387010041,0.7585382997567828
19.823127939746474,0.7866336106050159,42.54857061778603,0.7667965868326108
18.879692656030386,0.7896901858700958,49.753969405100605,0.7304538354026957
29.664883439617107,0.8419505264162398,38.55277737306869,0.7958704902570548
13.283914634513089,0.937655660335338,49.22936725646222,0.6616756618456455
25.42413857648873,0.869952313136904,42.388569948687035,0.7171843181322642
23.355733853067044,0.9315159638289441,41.128106487585086,0.6822547122641911
11.708227691632882,0.95,40.05600311026417,0.7389445538650891
17.165231275564935,0.845838425994482,51.01246390803738,0.6051100962334668
11.206204783894677,0.9367486205726302,48.919753847429334,0.6600587984561566
20.24767199643854,0.6294489438327903,50.07757012199963,0.7954310048570759
17.489070337271144,0.7851988302688424,45.49727111515428,0.6224414395821343
27.01448073145928,0.7505247827762821,43.187648538573136,0.6642740240546912
16.44021247844059,0.9458598527660935,42.2257505871663,0.6992371584003565
14.318446703492818,0.7550083339157956,50.96306359608986,0.7364016199412962
23.578543673790776,0.8068056416211175,46.18164151993517,0.698187779144519
18.3355856715858,0.9445856760958004,46.12657320343007,0.7174822422199255
21.805782639243528,0.7678656078227665,49.631919338858054,0.6601288147270042
16.35988879104743,0.823619631700142,41.252918149195466,0.590388075264799
17.653900797119707,0.814792749106317,42.957997401749296,0.7339732712766485
24.815388916787306,0.8212270925185448,46.01923182747579,0.7056586065954273
29.78752963334858,0.7941643724074113,42.51904059466032,0.635341125951321
24.37327511156119,0.6851843630703596,49.55286948043859,0.7047232710243397
12.567934859789844,0.824609193805399,50.256110572453345,0.6027149283193783
19.12387127077325,0.7738245653543695,44.96499963072734,0.7419972057454846
24.651965772620954,0.8197410453592491,45.84711374410175,0.7220515940699063
20.482322305649607,0.858085847921539,48.97094305908423,0.7822042384273035
14.974990542825807,0.95,44.978616454620976,0.6437161826995854
12.960941744737124,0.8734856405261967,40.642328440069555,0.7935592659298607
17.14865711751617,0.9244341984112873,40.21366377588173,0.6782959065237213
15.637150695527312,0.9300952945530665,34.423187464398566,0.6000999804509357
13.009998302451898,0.7853166646075848,51.613386535107885,0.657115708171852
19.621386066748034,0.6712600811882611,44.99529664018361,0.650640766009963
28.059144985596564,0.6632447036132773,45.383578652770986,0.6341801671091117
16.718197683729088,0.914896795861275,44.28302624642977,0.6789467145059117
23.098238389049175,0.8568559632620852,44.18066935221125,0.6906212631438378
16.663231559834703,0.95,50.45930990273665,0.6807940454150729
11.119304776663443,0.95,49.06351576220845,0.7141034413876611
15.788132819670118,0.8844220379037511,52.66605409676573,0.6944382483921627
18.001405966579977,0.8808073799046668,44.383579703538786,0.7949343369652275
8.321899764212514,0.8618673325335917,47.99010882828092,0.7745456543301079
18.879288317946955,0.95,48.04361011590002,0.7354884490959831
26.179938146881877,0.8110669035323793,43.77573388891881,0.7554756521110193
29.596757858292328,0.7500004904701403,57.08602121186016,0.7465737001051966
17.32730417788856,0.6957793313988144,52.185591145675915,0.745670453593862
17.053702533435718,0.8999808167997656,42.76020655328261,0.6171344596477695
20.087309671969194,0.7263010835715875,45.90772646530786,0.6060696880466481
22.8431967097714,0.746700691043271,44.67475593585236,0.7180776586546366
27.688192697595376,0.6528999896774654,47.84209217886414,0.666417191468407
25.6061265633016,0.7168240112404933,49.352684848954354,0.6770461268950029
24.11887987598826,0.95,51.51940304692648,0.7570849585804484
13.234584928418197,0.7677269691395818,44.538190325494455,0.6690278427503359
13.73504411712251,0.881755692161894,43.33049598361713,0.7062372903992775
20.940861716350383,0.7784214915615719,42.522154736583644,0.7388975627143594
15.251708246373138,0.95,47.89059663429224,0.7371665449358792
33.773680814395604,0.771457751577055,45.781553318718984,0.7187101141630187
22.411182287879868,0.9026767565450649,40.77209771951701,0.6223987682081747
22.453631468157695,0.7319839906871595,41.97577426476047,0.8415322379177367
26.566651535090784,0.8615842783142285,44.005938893723446,0.719357625972438
22.366802913133,0.7228591597467726,41.5014192165337,0.7488664321753948
21.352345594454587,0.8086969496979521,52.20627370669756,0.6620479533050452
28.658495844157198,0.7587112178414411,47.002271516973885,0.6602719960556964
8.45730277808665,0.9279858466278267,50.54082599125945,0.7398092543885092
13.035670863025747,0.8205805227856279,46.6176516293454,0.825168994296059
17.09497463070835,0.7636666011337152,41.39366884648121,0.6067666326840325
7.89775410671362,0.7802334477465354,52.4465237868308,0.6926439598840677
25.421755606410304,0.8629262040313519,41.05445827518066,0.7080897663471972
16.90743693167179,0.6162670906949886,40.492551419088294,0.6738776511855997
21.232488316625897,0.9199783057605768,35.4803282897421,0.6690299104165568
14.8226394301889,0.95,52.222916615088494,0.7186869339881914
19.23823396147189,0.7800573255434807,42.88966636474365,0.6497578134412756
24.97554509672708,0.8173492553327791,45.53124519204192,0.6071541735234065
22.110249223742386,0.9072462906818317,42.623401349416476,0.7075618654187267
16.65737375946777,0.95,43.5209581396344,0.6727744135891545
18.084312704689275,0.8903888239145722,47.637987709435414,0.7125911158272953
19.8540332126345,0.8171972939111372,41.44717480638997,0.7204738793683696
26.536920946416657,0.9047263556061718,42.84111145329872,0.7309631205454786
23.43706008984972,0.95,48.69144767146254,0.77829843970278
11.691093483912988,0.7836398018495798,42.47544254718896,0.713809181151413
13.16395535734845,0.8222085509370043,44.89381482405845,0.6776779457506611
17.870630725291047,0.7860599727411349,35.009293128585,0.6419572137658438
21.768010838397505,0.95,45.456347489967314,0.6563246581897604
20.43894292530651,0.8713654096688579,48.864387022087264,0.7433398497205965
23.220834319622636,0.7499333752921682,48.78414873630401,0.6072164044025679
20.546443232207814,0.8553319813346584,39.02146201105304,0.7002590532306462
14.812394617338338,0.8015760670825417,51.25395991870293,0.721439502517487
23.669831026259327,0.7402662788426355,51.792895091511014,0.7491324893422117
21.180000637380257,0.766484338302821,50.53597083369796,0.6851472273088907
18.681610052363485,0.931510519162901,47.939541528775194,0.6806563418619648
21.075859624543035,0.822264593353767,43.711948652153566,0.6997655414385083
19.118871083718698,0.7099246226770157,48.203735875307686,0.6713645753637268
17.005071265534443,0.9417408792090501,48.810102011514324,0.6861988429390907
24.18806558949135,0.7690684531396299,39.543080199615076,0.7483397451771749
22.82286371794607,0.8825230884690468,45.57277622947895,0.7504520014322347
23.876359562129718,0.8095110936634965,42.50828046617597,0.7478807483765085
31.87101124557163,0.8976656746774128,46.47561625718437,0.70271281656593
16.955180587442186,0.7528293612990163,51.66263648733687,0.713453239469826
19.841378511409722,0.7665192967378766,45.29971314761314,0.7829697417673616
18.533919308964524,0.95,38.10012098870353,0.7111697910250571
30.419177097092685,0.8640651405356057,36.5249113650634,0.6648399636488611
16.298296881525246,0.95,38.36558579942419,0.7071556660297319
12.287368915947496,0.95,46.77374352678659,0.7760173048914306
23.648043663955672,0.8908095534368672,42.2870028706393,0.7456639957012507
17.750370963284652,0.8546942203536155,49.160395561856305,0.69499040383514
24.052050104319875,0.8150153500702682,37.2001433320441,0.6602457192041307
12.739406990016246,0.7705531873699524,44.18150998901186,0.6835223799958733
15.276505687766877,0.95,37.5859864009808,0.7424316254348178
17.90122694147091,0.6927707333780764,38.91687512712311,0.6937699615735687
14.57590820497103,0.95,43.08260675456084,0.6898111067934958
18.996975219380708,0.8624603672953189,46.84203032968859,0.7030069650087711
19.60627169624115,0.8161135720265332,40.30518704882162,0.7744747470466269
16.611889610364873,0.8790724622125929,45.232225318908164,0.6649768261855828
14.989249207697917,0.8285668266054446,50.025485603721535,0.7181509668447853
15.832183141913255,0.8643870341903872,45.74757981841465,0.737212554929227
20.878943006014904,0.7477895134857457,44.088463625155235,0.6525807779356019
21.119863936351763,0.8195420106168323,36.08908662904337,0.7296878060248052
15.391306122273456,0.8654931002410194,41.37716233544932,0.7209089366821869
28.818813183698882,0.7990992320607115,46.55464565488325,0.734990457338262
30.190085442331537,0.925488653254916,41.774361543017704,0.6491625428305997
22.91963050664541,0.8397805172141067,47.91464506144111,0.7783745413118225
17.27207743137432,0.8851062301774919,46.095276448749004,0.6815142084522374
19.772294707950536,0.890032463825688,56.826665481272954,0.7534198715924684
12.45953365376631,0.95,48.64185793955008,0.7458834075493501
21.895413004702135,0.8131869814543803,41.799589441937236,0.802278160998958
20.918776507413625,0.8670770539091559,38.85021770501121,0.7306805924525567
24.21555957413041,0.8207452491671378,50.52190168879725,0.7317627819273991
15.158742323718121,0.9015985627870647,46.201276106434115,0.7686713214271175
17.920243036567715,0.7279209842063299,44.777476161569524,0.6826188803918639
14.881880152804253,0.6760094648560773,41.48866821815243,0.5834402261922258
22.82480866182985,0.8681355062257812,43.137089124368444,0.7712081707332334
17.82069057490176,0.9196357776152924,40.687023401022614,0.7467206764149155
66.34359239740542,0.3341633568822495,2.773025553161909,0.5645720652364387
62.60089537305217,0.2321296723959243,9.172918585696173,0.5504519502041751
55.062472535107084,0.253952644679485,3.818495127472551,0.4821502119143437
63.2898394552102,0.209250425766011,2.8295499538836077,0.5091753621523416
57.948013435843514,0.3913314008780242,10.237919384749798,0.6032297448360966
67.62041458939143,0.44779010595200436,6.9855760789776795,0.48117893644250226
59.28594657783793,0.3666363037426381,10.85399738034241,0.5871073417495923
53.3681662181342,0.516045622256528,13.466026907621378,0.4804391203400705
55.29467782423324,0.21329869041137967,3.770638609828673,0.544109078304146
61.4395993516265,0.25176906461837184,13.372883040835202,0.480448198421102
59.78518852978656,0.21267299368999143,17.21251166310573,0.5256692859303799
56.932698638861055,0.4383724575936809,10.34616923797192,0.544548956023024
61.34995726987963,0.3113285448231416,8.332672413710167,0.4653156722885347
60.12609114077343,0.42055533121379923,2.566840842376477,0.4442591766166402
61.12623564218216,0.3065500419350238,13.329397290373207,0.44994706119127365
59.56883165584361,0.41614516070440094,14.005181044641198,0.4328312069611593
53.34040403321396,0.4726873232479543,10.169419826521782,0.5182389323717389
61.469934510150914,0.24060731421264528,4.569639682898323,0.49898477529752566
55.61201954787042,0.33410064865927724,11.477736402390065,0.5153851800828454
56.22352541123895,0.3718290962709236,9.87233823683514,0.5563780422344825
68.82112833375336,0.2564840243841335,12.257507928273998,0.543217543427624
65.84169178599596,0.2818937524371386,8.84071305077674,0.566988107239023
59.60798285011849,0.3348355889966699,5.059158550356949,0.5028422106835703
64.53776396653151,0.27171765108410745,18.20728522489607,0.42210893712337405
56.85327041205784,0.4501921601493471,11.268522144556039,0.5172080265210275
60.68174805751007,0.3911857998294286,17.43641203553881,0.4162636931684824
63.629878945236925,0.1696899819022761,10.346409026290438,0.49128498293141454
58.401819313555244,0.2633660979380851,10.03136710532271,0.48488256258485973
58.61060958028258,0.22513313543922192,16.378113116077976,0.4150475481135037
59.52822763689941,0.27161958219262716,15.228690755544761,0.3462186700391991
66.39197573829038,0.41106774448700056,18.999146991618794,0.4763409185280381
60.82195612548417,0.269120828806668,4.101919430626646,0.6508006826683124
49.83666457298736,0.3262738513281052,0.19512174327983622,0.5015789572664713
58.17500177850057,0.47175411848705945,0.7462480580632818,0.5341806008563327
64.7074370886368,0.3857731431289181,11.321466562109558,0.470179223919271
65.05465829598226,0.3567771249583567,2.4414443548503524,0.44342897726207475
57.17871818911636,0.24890409542140585,14.355301951703982,0.5056693962831802
66.38383611094127,0.3634756030775592,11.721418150760922,0.42277659069542883
59.23711352997841,0.2838117520905696,16.232173361179065,0.46720044426629204
55.66572564372755,0.39297087524264607,8.629624274875978,0.4060689329396999
63.806103166395154,0.30320055589002387,7.134070322415726,0.46183983967495645
61.29179579251239,0.19598163022863324,10.22099724529308,0.50699651972865
63.85735651156989,0.24250000506351382,14.502532082266395,0.6180386615356945
53.929567003630254,0.32510901480610277,13.707648247875753,0.5310690684075267
61.01433495029218,0.29437796217862966,8.340530262748878,0.5513975530627003
69.10970820969712,0.27298389975249093,0.7002121541500355,0.458728259846699
55.46931144735269,0.40491353699122096,3.958398244054142,0.4839153935816592
68.43540081001558,0.30584926967718423,15.667153299554176,0.547725288178285
62.78587957560036,0.3482740298428119,9.684795270763015,0.47868245258226383
61.50909782863374,0.4196768992498612,12.14328463875679,0.5240810578787757
66.513218241411,0.23896292510332404,15.875363234240272,0.4509524867653362
69.39203922197484,0.24008656858186256,4.504054618123137,0.5031317980463547
58.59337783389367,0.42411822653633624,12.904861129461823,0.5734210434184988
60.08131142187151,0.17342472626673586,8.199937772457002,0.43274256926258603
62.095948331975265,0.22718992494672685,9.584630287005307,0.5217285213684584
54.36721575504086,0.4877739655832727,18.611567803661565,0.48613810366522153
65.5490187679785,0.47302083998447386,19.516245982636878,0.43889232123819344
63.417735360440155,0.15279436775671074,9.850637431532466,0.5237537099332746
64.53010541257048,0.23321880603335426,12.806936823709457,0.496842643345137
67.28130206054031,0.4515113849974911,16.197150968043577,0.4463309565881379
64.11677454461382,0.28021850833804784,2.7495064711987,0.4279526123202141
54.677998439116,0.27700234960196046,10.618299201260932,0.5028937744713098
61.18110966545891,0.3749618762060456,12.64317754800795,0.5191805252553939
61.1604848735759,0.3362899245072163,0.0,0.6070296067658816
64.88908630150769,0.1589711516552175,6.761896756209843,0.47926125191707475
57.83034138649839,0.3304041781509108,9.779471173836704,0.4734392668323895
51.34644677597687,0.31775366409133826,16.3218161926979,0.48620345247129426
57.667943259699975,0.2862097410825259,6.152786951893411,0.4754534831463553
47.99188780194625,0.28080014830285543,9.10797884921199,0.533176939765062
59.71454762725959,0.4413151081743951,8.62568833719607,0.5324649869010698
59.00182583220324,0.25098330489484766,8.051167415429472,0.43472608597338336
51.55073792668169,0.38305755185098594,11.788993103675686,0.554035572565148
62.27583110985383,0.4602167776154068,4.521473188717495,0.5638975681110849
59.60164136537091,0.4107479121102448,11.010509516602896,0.4887868898361503
61.73179573253099,0.3199690233674431,10.061662767239826,0.40072176559406913
53.47371272893068,0.42742403572827226,11.69124904760055,0.6038382550682241
53.867051046080505,0.33759852601433926,0.3764002875390702,0.5806586529212265
61.03763862418273,0.35115657658446087,5.242008323621105,0.4450996247551264
52.69756991188292,0.26157656732029,6.3792402696747885,0.5427691933113926
64.56380922823425,0.35931263685465575,3.1571868555761284,0.5189863329613675
65.75826558152004,0.2054130900102188,20.057086655184655,0.5150475694479124
62.696936684973146,0.21262395202784712,13.214233829013159,0.48834449816927283
64.43484637709874,0.3969453259380997,9.280056804888794,0.5684919921988312
60.08339311333428,0.2908294005742522,8.630028566470282,0.4467565834136608
65.17362850119113,0.19868330402248185,8.130112470926727,0.39261754914032887
59.92488863334242,0.2807067666398786,8.158577043113075,0.4500297069540592
50.342829842760956,0.2552525679303184,14.80336028779572,0.5937652753122754
57.49265421201541,0.286643869399545,17.014690137860917,0.5321875852894985
65.23189675162884,0.34106386032656316,7.302148328154157,0.4335172259497736
53.704176143055456,0.3437876260220356,5.513997480616792,0.4290667555341946
55.67689762684708,0.2174108456961772,0.0,0.4368761389313281
59.52998725980212,0.4847198919877222,13.407073020352055,0.5571592284146543
65.57999514300073,0.33889387037131546,7.120027091077034,0.5098054872031345
57.54196677055139,0.41757244283115513,14.092609410557765,0.45991168371001107
70.56089123154244,0.29549058951205875,8.778765466478154,0.47704997855231474
62.03887462002564,0.3800611254517282,8.597824082665813,0.5018127547886795
55.48234990560266,0.26507479649702376,7.221359789600596,0.5111247603887512
64.07663986623382,0.27665326507017934,9.016230582857299,0.4888944388097705
61.85187384899184,0.3765959563077647,7.053245909489483,0.49597877532963164
68.08384556423736,0.29648332382749887,0.0,0.5371051296151438
64.74665721492575,0.18361460403869972,8.883321152588383,0.4428538079691542
60.92957062032916,0.2866788308753666,3.02119626138008,0.5122677339911946
63.75696387744092,0.2845652291818577,4.114455229666136,0.5374032917874813
58.1413637021309,0.40220147327817424,8.141944766027434,0.41049484470489744
61.76825398940714,0.31514639351680873,12.161594792877116,0.5404830916636776
51.157637306864615,0.27839964934702854,13.010588836602881,0.5176125910031557
58.490758335903436,0.4215862503785739,6.307075327776635,0.4838371411627051
69.93815827397637,0.2619990996397139,11.20505049353682,0.4878496707208168
61.80819745496933,0.4217185416701173,19.08976013814882,0.521008964283432
56.573293159934266,0.38145332725847647,12.959820753308936,0.5094264821588016
65.31775151485363,0.33349133398928577,2.9884263994650118,0.5942267639650668
64.73221491410946,0.23424613526210786,8.171795247042,0.444040054262985
66.33774488219356,0.05,11.075303345894838,0.4717830314719244
60.613659668654805,0.24796129088602287,7.751937229718683,0.5884035241114703
56.489902188514144,0.26764833272925875,9.082681386827307,0.42658409413013365
52.627257936687876,0.23174250151556108,14.209502004271794,0.5200934223976564
62.238330808993084,0.2868414025838494,8.454473155549795,0.4905630793968377
59.13686911864293,0.6296373774999643,2.1647419611078034,0.4786422472883126
57.08331150122854,0.4314852859511096,25.58073875366572,0.5500534988029335
56.008885576065396,0.2747517642939775,2.569857610938068,0.527830602984054
62.05379248874649,0.27920329427252827,12.44569740192476,0.44801816051565607
61.8615812203041,0.23397027088995537,10.400891617506124,0.4932227827279543
61.69444734313704,0.361954628831516,11.876013112938866,0.44169562348596547
63.113513698735865,0.3491652154559874,6.649097698066576,0.4751234251869591
46.88537101717942,0.28506490205949436,7.354335633580822,0.4569582083151138
66.98686780700211,0.4091889613760594,12.630869800596273,0.516532046121951
70.45744116996985,0.06450640343412822,12.744937824141305,0.5852976836914583
56.81789158048737,0.05842863512334759,8.060739855467752,0.47532654524959533
55.29147263867121,0.3994632103984612,5.998042175843169,0.5402774668960606
51.25425804792575,0.5723819537361965,2.8072990658551857,0.48117773424216326
58.48208487005102,0.5406543222581033,7.797265173187533,0.4763465749278674
64.00739476097276,0.3050951016908816,7.558673997884249,0.4974230851822734
62.09082732633182,0.28472532423535285,6.5916003207674585,0.4822262377820684
68.94169757334026,0.23679050038040456,1.8537182331258553,0.5114038943320217
66.43528577658574,0.432795206921603,9.067888607655808,0.5237890755820764
66.80022845936072,0.3247034124764162,8.972266677279746,0.43676237437588594
55.37984025925947,0.15673683503275881,5.0433324209271575,0.5131292780959928
59.124124486750645,0.2909621450981068,9.079556189701822,0.5455682292240329
69.0861201898354,0.42023384994475216,11.260479310227456,0.5190824748184978
64.97821709287061,0.4317514624684651,0.38104328270010157,0.48928576226450166
57.861693558450916,0.17141218221369264,7.532964789876085,0.4479359561549895
59.03713425838497,0.5027106265110446,15.500228248106108,0.4874104175384619
60.887266019289065,0.3002217609779763,6.0606212824964,0.506247920694259
64.88183513739027,0.1984921658779491,9.06135951200252,0.559169157350891
61.469027683682846,0.270403173401247,10.568464621494602,0.3538716588190047
63.98230777630263,0.3471311358904953,7.438290433861915,0.45078825289503816
58.59084702610984,0.11805592882988342,13.627719504523267,0.45821020242153676
59.364317941806576,0.4619138485557123,6.631983800553034,0.5034148726229074
65.98780387378572,0.2757451535717839,12.181656953744373,0.47791890734424775
56.630732059475854,0.36681383890291785,7.00092438757081,0.4771374650705182
54.35925613286285,0.34069477634927703,7.528650530328092,0.47114734133685576
56.586150967273866,0.4162557867245063,10.195973332506423,0.45980636780273565
57.22801769940533,0.47270560097794845,18.149391037866884,0.5539208532622681
69.01144276723346,0.21270876263615018,8.66476196567105,0.5106138835478269
61.8586598763866,0.21222320887642582,11.873989446229274,0.3787920657971614
56.964506140564325,0.2998618548863632,5.78942043078486,0.4431559953308951
65.37080347311121,0.3065083634660603,9.709532878609501,0.5897864458941786
56.06599127664497,0.4847321487090371,5.6324121548216635,0.4716152716780881
61.871213184909124,0.3370789942750113,12.007118890659392,0.43004339307906786
55.55299523702707,0.29000542039530613,7.3229745642005595,0.5743424210379475
56.74564582155096,0.30716204653869095,10.569151317376285,0.5272117063521229
54.27043198480365,0.40763364857706186,10.052889465927134,0.4776745855920382
72.66275181004073,0.36716883501515796,5.686161899375387,0.48830712092672784
49.461317632147754,0.3718354150087776,12.729316892215927,0.48982625621233183
62.83109293191296,0.0782583331460237,10.083113695658323,0.5480220646756719
56.28433575266818,0.30479624471487315,15.726755129337132,0.47482209951046955
50.03493445979797,0.30369087969280384,11.842874795717641,0.48609531378296444
63.41912907675695,0.34987873505579753,6.763201376527969,0.4961321039179495
63.312825803800976,0.43357430394247654,2.7940030396515976,0.34706635194000607
59.41159698143512,0.2520684028414928,14.008280989416972,0.5815147834504328
67.07963666509346,0.2957291425070661,2.6829211615315707,0.5593612315370777
58.51934896654959,0.26997077599933733,4.3894273082795054,0.5515575471486446
70.1345679803456,0.46293197127716035,8.452574338552797,0.48787178398194503
59.83298601787447,0.42556167001228506,10.671621627540713,0.44481645420823623
51.03706686949265,0.39465730865101545,10.773924195260298,0.41386488726837456
53.02891802223881,0.26044518784658843,12.827179505579643,0.4928160581987192
56.316452186556475,0.23762078924458263,10.870614755989747,0.5176882129797215
62.647931124124135,0.1903261188325054,5.364216097084727,0.5093864577106416
56.320800952439505,0.363188308237845,0.0,0.526034791793982
56.74658843655821,0.39387912575551937,19.534391452661385,0.5255349855668399
57.67009119141525,0.3042722407734414,8.507311415159464,0.5187669991714554
60.64202355400374,0.3356604713520625,12.876384871238846,0.40022157991115404
65.43672861282089,0.30939245139077043,8.493410042348202,0.5153534995826958
52.56518963527398,0.24566689844287168,4.24131423152026,0.48967521410443804
73.34925629535522,0.05,16.416257507217672,0.41281795699785256
66.36537505074858,0.266227336051216,18.497298261931583,0.5051707654366737
48.01921900292334,0.19519162165500703,18.3732438063823,0.4596040070763306
57.890157996292324,0.3686553748599543,6.745196221645251,0.5714258792007423
55.1308642708627,0.2555831599852119,5.812202985128448,0.4923377285684006
56.37554252589618,0.280745434955188,9.182664638924578,0.5265177104101644
58.35527285593419,0.3697431756722189,14.459727218724419,0.5139383391085782
66.33712913511934,0.07498645493472816,0.4876256194530235,0.5467766722306624
62.87939882103026,0.2428395779782792,6.224241977888623,0.5706294722960833
59.55902115166229,0.14345075404038082,26.415102372198017,0.4536794214604671
56.95206849374484,0.19274382582351837,18.59702433405942,0.5965402638487571
49.882060135423416,0.41005542638775383,9.040444810940299,0.5386247106808051
55.12149757468649,0.35923344165627386,4.58695093152611,0.47591943862687347
60.24917737045986,0.3253481420274866,1.0468740859247774,0.5129895788657205
61.0301441910974,0.2731268321728989,12.51982817866863,0.4961360660999486
59.90639889331329,0.17932341351002545,11.124243197456758,0.5097699241708178
61.18287478244152,0.08752058973913152,8.52989267162541,0.5810052308281576
57.96399083715079,0.08003935501413359,8.859553751301702,0.44162871747424876
55.698628445826685,0.3861153456491282,10.966963482820287,0.48918400454260613
61.52418820539405,0.1777823771101738,0.008280028668730566,0.48388086024007904
57.72219022842421,0.28989334965532687,3.781570294199401,0.5661246379543413
57.923385066390864,0.2556354763762583,7.78618574119951,0.4429484936299286
59.31909679714274,0.3529862768718054,7.549645132348324,0.4839426428058897
59.74057134706632,0.30842090245862763,2.3073127592179627,0.4148722272644759
60.04877807004908,0.23807272644091712,15.143931553117778,0.5404738826433629
53.99220043410094,0.2771549725704347,5.14179802568959,0.4804495764826551
54.48776687637803,0.17489488240362708,7.548376243221329,0.6141381180854991
60.898079144354135,0.3093209301088886,5.557811138733879,0.5001544324111356
53.762360693600655,0.2326910886660365,10.976501929347158,0.42596414961978285
64.00286432508557,0.2946606317909962,15.168045340314283,0.5601965199856529
58.4230882936068,0.3640009250579224,4.3763362619318,0.5168328854539092
52.222924571078885,0.22446070995167966,5.235293130458551,0.528983363029573
50.601179382868466,0.39652495737245547,1.2364667220644865,0.4815100189224544
61.40950288749166,0.14909555380263678,12.046728466348632,0.4990168174720149
62.1988605702263,0.17290928963471008,16.614764941512277,0.4512421711817135
63.02281983417823,0.24294799258105773,4.847144492807597,0.5106193782509963
56.612747015391186,0.34778013242186256,13.10520026011132,0.504871343092991
56.02955499208777,0.1531032546230205,14.546401702867529,0.5246541964796062
66.26829403607366,0.2535798054656736,7.127125623960239,0.518597822770606
60.022381613791154,0.3540582778195851,9.235292383307126,0.443679680561579
63.13481213314647,0.31655850043186734,12.722635313996298,0.5883805244464649
63.43509021425799,0.3180393295008311,16.530509173892646,0.47800128137673664
61.242962106925056,0.34873143659235484,10.34976605826145,0.5235960504064805
66.02390474489405,0.2747040152016112,8.374546269149214,0.47209054527496974
55.700074792235476,0.2133205926301226,5.533420124955048,0.4318338785704983
45.41166459977685,0.4209572655951415,5.562206954856045,0.5914423132691259
57.17730821380425,0.2935752159092222,9.024660377003862,0.5837810261567966
54.61126312379677,0.34523396947146495,0.5297758712490221,0.53029853330342
57.0254309776987,0.44231269492760594,11.105915245226106,0.5154475220160504
64.2182512379808,0.25760644786340076,15.786759919823474,0.48817417266044977
55.576807029692866,0.384967849030953,13.571651541620072,0.4381840914024987
61.451001783826236,0.26246510888209074,9.359108095701252,0.5007994989803854
62.34406675281046,0.4450601923520776,9.188064221557566,0.5335618579926875
61.21352321974729,0.3162594218911212,12.509448927505545,0.5027287537664291
54.84273353386264,0.5191406410278854,9.187672329694417,0.5146080288840233
55.451158961352185,0.21706944354118485,9.495070924540306,0.49134368493399344
54.59210832506643,0.2824631822416107,1.396603645553089,0.5455769199022036
63.6379970048083,0.23566883810207756,3.1445793770302144,0.5371374993546598
57.73520664089328,0.1504701665807771,12.582181821582804,0.46004686411033485
65.59780284330836,0.27976946422614113,5.848517427020634,0.5447146331503341
58.74382628076156,0.21695561122076482,0.774561979502451,0.4794597088378295
58.42783847859981,0.39468228906446934,10.242809232821156,0.4481583701537523
68.80239908947566,0.2981294441921633,6.518725642195134,0.5146593426179328
59.7796209667099,0.2380058719421672,14.726088222928158,0.48342454293836384
61.70247566009859,0.42168603455029197,14.613612048636849,0.5766328774872653
60.667599755402115,0.1576583835005172,12.261331858577062,0.5074933758471077
37.386418886362165,0.5303698944638554,31.950569415782155,0.6855014589186486
33.63225403374391,0.42764292545946037,23.15740638402675,0.6379466759956898
35.13697991750145,0.7050513973864725,23.453633180173696,0.655835976271962
46.841637020155,0.3831450783004634,24.45961153281706,0.61272852623509
46.856575239372276,0.616888177180537,26.982177291548957,0.6040890616972255
42.76057855658424,0.5268121819291951,29.679094916974893,0.5659539285024472
43.894738181888215,0.5516251190572181,33.469459854421366,0.5668478015441487
38.38367652056249,0.6714478012442656,23.452553524804323,0.4718511933706614
44.463566762790464,0.7979160860464023,21.3435437241258,0.665707515292342
39.88608816809463,0.5985916457231795,21.88523810262899,0.5685553087394286
46.393031493778864,0.5938979873825245,30.072911865621634,0.6830373062103087
33.65902680662455,0.6789486022951448,27.07767549251311,0.5729029437904469
40.137795603716135,0.513966315728153,27.691267656443507,0.7004878404316162
34.89032398513595,0.5546731217808837,21.53538666647582,0.5242224467942781
39.141273896088414,0.6124671835831338,13.679928169357979,0.6344527965083852
44.05864338550057,0.5365026942383908,29.561241753745247,0.5746736232560915
41.04802305752072,0.5987084428057158,26.27254595321005,0.6134851793089693
47.322622690843616,0.599965665260166,24.058303064778677,0.6639578342009727
42.1829568907318,0.5322317488459288,23.523722286040478,0.6044031435775677
30.63947384722568,0.6352487391574222,21.84074420771625,0.529972101792654
47.19588129049792,0.7083205895589622,20.740433472332597,0.5855975676106019
34.77752966917025,0.5990511287452012,28.290958324060135,0.5523912528789129
43.28457063945315,0.6816403838947716,25.926578253303884,0.6438496040341521
47.207914214075714,0.6806668965881205,28.168229011587876,0.6021526087968859
47.72165096652193,0.698297511321204,20.955526857852,0.5344268558900596
42.91513877021166,0.5055811386803687,21.937187480045704,0.5684282922909182
39.97240409615037,0.5609499836295074,25.32311244417948,0.634008607653537
35.613734122292605,0.6287475303891065,32.75277930304092,0.6040218553349126
39.04327348994222,0.5547939775713707,18.34902310238573,0.540036345223853
46.213004228092345,0.7483452868456746,20.149151417571602,0.5925153330245735
46.01223249960268,0.5539349219351499,23.613785699312235,0.6600798544177658
35.38391340150416,0.47025283479563607,25.80509453200654,0.5988436363072804
40.36519353437801,0.6625910937587648,21.761873963239843,0.5853796289529654
34.40353374608249,0.7619270601331029,30.471297174919755,0.6361326429990424
38.21046280177018,0.5789056018476189,27.38475222873257,0.6415623728437018
42.83723747901192,0.5166977381194243,23.93387857448195,0.5347055770451694
36.50170787883308,0.5588003348107499,26.160341353492534,0.6596865300223658
39.438119131937334,0.7339587987668899,34.10619839858971,0.5838120756361206
38.623580739954605,0.6146636533542724,30.4457957586247,0.6161375571671235
42.91787448314188,0.5683223780155758,25.884142600591616,0.616332325542041
40.18060305325091,0.5769315425231282,24.91536079481473,0.6750036760110225
37.082427405295135,0.6864243625514052,18.434687736168193,0.6422503666837156
31.290482550803418,0.7558927180400246,31.377470991041623,0.5829759519085512
41.4672004340088,0.6732276045861104,15.174480798923058,0.6290478492639809
33.745873715086574,0.5416237610998839,24.196827356983015,0.5153825755000693
40.41303346896126,0.5819299248509551,30.509602797957598,0.6556133866758321
41.47046460151878,0.44619229359330237,26.765052549800693,0.5740590804246593
39.93092653198706,0.6591940804575865,21.52535548835371,0.6484132715826542
46.122154982364236,0.43110786870135365,23.54953101689114,0.6858676869217998
49.21419778041613,0.3724290633892349,18.63154177931179,0.5301319475912049
36.823757792372014,0.49420752132476753,23.644958856582114,0.6836062655832491
36.222437275294375,0.5436463769778149,22.75140875711061,0.5302517400444259
39.13694575165343,0.5643413783925146,24.477432634474777,0.5745324454851807
37.4576643002649,0.49849226734976443,24.942672907903034,0.5455537079238014
31.573626512772606,0.42248753332192107,12.609902686958208,0.5467879371356862
34.74633516896169,0.652597325362698,14.652311480478069,0.6880033852246507
38.73839573377992,0.5806469700426281,25.97315993678216,0.7256493200799645
40.435165675307246,0.3619258304677725,31.43596144318158,0.577969583973875
41.696388907609375,0.7216420904708347,28.42722557263889,0.6707326469940207
40.77114220271123,0.720103196952371,27.306874435857445,0.5934223149058764
30.61645904530725,0.7071097028421847,24.352356686214414,0.5995270438163347
42.30538054028166,0.7039663375063492,37.18528709960525,0.6647999438811815
36.186012649368166,0.575579201588346,29.677645338388203,0.655688955801436
45.98727210127351,0.6112475002473716,30.3874810573394,0.5651468903551726
42.265751663851994,0.5427886178730662,17.954443247419988,0.579769813906384
32.98992024742671,0.4832113471444843,27.734789193073716,0.6096755116484572
38.12979850992572,0.702936205284438,26.387983034507055,0.6221048517130918
29.257291105798732,0.532773700791732,24.0628851727883,0.5567600123611449
42.34705181196943,0.6626031045351507,22.178064524940208,0.6270606897640769
38.03856012896207,0.5024370108512899,25.460750007695374,0.7048068179266775
41.81834648982814,0.715009128875288,28.393405987312764,0.5434731939514884
39.08830456270024,0.5935896352706583,18.756022561392612,0.6138065042169899
37.773195917357185,0.5220996298647027,23.865520569751983,0.6006173742571536
39.92167167598579,0.6731773217695152,23.727894131917726,0.6335321576528132
29.3369494357879,0.47220033103797876,33.84817302692281,0.5484921990141792
45.80759755198561,0.5095532141718708,29.04375002461477,0.5852992807944289
37.837170568197735,0.5413612722323783,17.591355429177163,0.6282297228868533
40.12624821854005,0.6080701973661221,24.92871135997955,0.6713697421884424
36.04826626804531,0.5577739906561909,20.980156036487962,0.7021343637142914
45.50156629080585,0.4810328884231313,29.586987129273528,0.5850036432224863
38.95011012672238,0.656234804253253,30.63222588209377,0.5879895216353643
48.84451726176578,0.672327845195535,16.4269770102624,0.6368745186625518
39.68640334523771,0.7360605924585399,24.55278326281952,0.5648476094134824
35.035599130175726,0.6330306173381514,22.18853910772957,0.6772337456621422
35.69739535531095,0.4981490332425843,19.820340374557667,0.6210963282634662
44.164793442455554,0.5526363167956476,17.919289084878454,0.5726154539336604
34.58102292169153,0.495264177938067,19.32396560946856,0.5940584455339176
37.110199151802405,0.5367785112094068,27.056640258586732,0.6300725311925718
32.883854633397384,0.7383285248689362,28.80359302112422,0.6596783543432974
46.16059893783898,0.46390722768138615,32.10167913840251,0.6175072354830912
40.72661343698912,0.5466345856508366,26.51995765477004,0.5921984107761213
32.63655425021977,0.6200883054131082,25.81967337885585,0.6018881585882366
34.76201893011573,0.5665809037078284,22.91753412762802,0.6499139722508175
44.29944020222985,0.7224158437890015,29.0299166544755,0.594009525191698
39.13189206912051,0.7107853765515455,31.876666847007222,0.6148477557999571
44.61217784552739,0.5504651708232456,25.92980598463167,0.5561839788437082
39.84474027563958,0.6227452140271795,24.313346520065082,0.4713388427592051
36.700835875028616,0.5237225396033177,25.44681735248881,0.5435947802602111
44.553031191792314,0.6153853656649478,27.220302502606856,0.6054357549091764
36.948870892804855,0.7012194374284848,13.999483321525725,0.5607189317376283
26.47710531133463,0.559364071849577,21.826382613065675,0.616618158710911
51.65938561048313,0.6595944746788329,23.508381076973482,0.6799853683703379
41.75593109894044,0.6299537978464756,26.897477334709468,0.6459341807203011
39.723146211181394,0.5558355195580137,27.789863900636686,0.5907012959527838
37.90261528728026,0.5922132316012597,28.492889657962685,0.5685593403675927
46.4895371932503,0.5496908339505466,18.596940648335607,0.7033978187615125
37.596911504562804,0.6750901598404877,30.590142282813428,0.6011603502703836
42.08256305970518,0.4025608239640939,23.64777747655445,0.5654477732192866
43.527595665522,0.6420741089086258,18.71193256067389,0.5077388780724663
47.32916477733234,0.550475957767532,26.13910845105543,0.557378384377629
43.987172292215256,0.7375040638873314,19.390827336272146,0.6363741858858164
36.25949400392954,0.4322935233647906,23.661331456723516,0.6375483207082151
39.79263976417925,0.6632115992628702,19.062573122344308,0.5488397765131099
34.73924738672013,0.5811690244781104,28.900351989723088,0.5624866231845734
46.13569500146291,0.696783270144405,30.22132252328567,0.5566495154314496
36.73274639804923,0.6114375894960955,24.82777716117264,0.6295974338129012
45.46173593468901,0.7826567493841616,25.157780769838084,0.5322510698669279
48.577804217855814,0.5565536091938172,28.18112060372937,0.7113666571262959
35.51408459119489,0.640652758173224,29.15699102136167,0.5295871517829697
41.781930999914216,0.4424034054869261,27.132420624278975,0.6078579088088929
38.84226656490473,0.7734189715620461,19.989058708030555,0.6192406562634886
30.33756552146128,0.6158404628058721,15.160688978931997,0.5815772013275134
44.406184472515974,0.6580537239973522,31.75070732359309,0.6217621978662754
39.153124139900754,0.6150711877489627,28.6681325846273,0.639453563950312
45.28495551118391,0.41289617562011544,23.21192004385813,0.5719896172588125
43.90077827338382,0.5585990669198136,26.743268045546202,0.6828081477215301
43.89262410806289,0.5762848463659337,26.93515277306929,0.6577660470768162
39.95764022385043,0.6644714792533598,23.60676990699607,0.47697672687375187
40.9868010403034,0.5646698942554176,24.647220127381125,0.5319085327659026
44.917279834780985,0.7086402669789937,29.631039115821885,0.5125968455240337
39.65060244888151,0.4999492680435277,22.259536020305152,0.628671631327704
46.03699664483361,0.5779720967822801,29.199599053781352,0.6145398792711895
41.35204361557999,0.5871905653313357,21.564503882399514,0.5574926360226709
44.543516124764686,0.5296411528139949,20.34339685180825,0.6919323721131521
45.22827199505349,0.6911940600018744,23.10517703992374,0.676264821012542
42.23071744262797,0.5431877044367935,27.62700051712105,0.628995377035467
32.490133640339955,0.7262199641789492,32.03740630116367,0.5939361071047015
32.21083603730963,0.470684132045702,26.098840824765535,0.6531098372032615
40.165336773984656,0.706194322394637,26.26202110748667,0.6508719609169552
47.023453920606066,0.5995681394878982,27.336523163776484,0.5009268186056328
47.097441538512435,0.6827399035650825,21.653519938329488,0.6400220019659569
36.97286775036027,0.4942047586937048,15.049901540209596,0.6578866096308812
37.11851631734827,0.7835529526554472,34.67906007204536,0.6092936079982239
41.45192522966925,0.5686859829255294,24.29916277046724,0.6054674091643184
30.747712047429424,0.6076514775522881,21.010952483193222,0.5766066147480546
36.52454935697288,0.5256876567055886,27.87697373228201,0.6112511734622715
37.14105429391722,0.61869255739908,22.946888934721414,0.5405629870145706
39.613810324055045,0.4193347469355067,28.01757740370443,0.6396948054139217
38.415321639790946,0.5197012667598593,13.258954139011973,0.6550880117767222
39.888354964107165,0.6428781165985269,29.783947466530922,0.5506724524058473
43.52697690009755,0.7339647772508803,25.269963984971717,0.5394426531790022
41.45172316260655,0.6230432396425736,22.67852244307565,0.6372477697858687
39.740867012398446,0.25453668663105755,16.018593315348042,0.5824396904392318
37.089231232883414,0.6086433668420423,26.532983910656878,0.5819348307624755
39.48848006658152,0.6430378025583072,28.37860341598922,0.7002411069211895
34.61400890992152,0.5966298432768575,13.60607009622288,0.6195086206488096
33.235745660812526,0.4522214913845948,23.110754972202127,0.6013006011229068
41.522815087649185,0.6104703015452062,17.265986511131644,0.5478540361136185
35.470217940671226,0.720754460382645,33.90003804115546,0.537768464446955
46.09448830513685,0.5520873715912805,30.13697924980935,0.673248932253977
32.447451030844526,0.6554157160360358,21.256331651392827,0.6244161079837071
35.58363078626784,0.674696815085388,28.869191006275702,0.6698568605371537
46.74725708340314,0.6650901627551897,35.169271995691936,0.5994247510060147
39.328105480081526,0.6194021068066523,19.65917077073145,0.6308991247453165
39.303581179944516,0.6868537607542379,37.58684088984667,0.6659760298787138
37.3704388342131,0.6744595386420476,23.439677854878266,0.6277653443207198
37.36086000874365,0.6839185908548323,28.093326088616223,0.6004582990738001
43.61974192003295,0.8350146119137726,22.364395551214407,0.615866812044983
42.848091804188485,0.7235935624166844,29.33449155599209,0.5962419037035921
43.38928301962643,0.5867762259276016,19.667360413582948,0.6783658451175073
49.59050043406917,0.6253260607551989,26.859481767563892,0.6503530162768069
35.81183800560456,0.632292447382703,23.245509585921486,0.6204593963704046
36.42559817060163,0.7080081759138436,26.34634458152233,0.6432503678033434
45.943410319777485,0.523776841953324,24.795656272169428,0.6046419088055008
37.13413902995046,0.5491200074266303,30.011882781311563,0.5668946231785572
32.51342249091277,0.6553184716982284,29.18596477590169,0.6201515370170634
38.34188488285145,0.6952357464373828,34.01128642114779,0.5895622869412329
41.09019507589878,0.6991296865975628,30.335762687796702,0.604865361277617
35.81444902505068,0.3728646561479008,25.025657093252757,0.5032188194234651
32.30703698821412,0.6981903381643146,18.38791768177615,0.6356692174837544
38.333409051717005,0.5599816305967802,19.426505968154274,0.5525420841463402
33.224233426812276,0.5227278461933242,24.867325345311986,0.7075228063644026
40.61778290363497,0.5489546276258493,23.788988188605387,0.680930637274962
42.529250662657944,0.6300585194076865,23.573890934431788,0.552730702704472
37.227154786607514,0.7082242716255576,24.66823990945289,0.6824631772288305
47.88768300622096,0.5888271874262135,31.76237669402318,0.6444920149213811
39.95047311290136,0.655987305680541,23.62187817084108,0.6196042753131161
43.086869159072606,0.7696386617988207,32.65056504212101,0.6009050925260426
33.576259462277896,0.7789328694904631,23.71006328440071,0.6474224143276053
39.1602560103151,0.5742801572673409,25.16030703019015,0.6781222663413696
48.862844667046275,0.6876932688097771,30.335040918865186,0.549588563871753
37.800537330383904,0.5858911479354708,17.230130642913945,0.6314541061173273
38.02043346313672,0.33468850659966026,18.565121561320357,0.669610273666834
38.922490297550794,0.5884604100268047,19.176661007555857,0.6078298976134403
36.78046980992206,0.6815414191222142,29.815640820322393,0.5793144813431105
38.04710480428292,0.4674542137520883,31.897935585468314,0.593383131171728
34.62074006862029,0.7824096880351561,26.737886277937253,0.6546089277727433
41.807678270492275,0.7809653203136334,29.798973646908266,0.5805654234206877
32.93128281082382,0.48003626154272283,18.97207743181594,0.5853258910586258
41.26821942121235,0.5804929676499552,25.88110533279674,0.5732812083896942
44.58104007216324,0.6674860136407125,28.81093409328784,0.5515418139742021
40.57096589606584,0.7775123787257796,26.68491581447308,0.6564515123238079
39.04092640138279,0.5852960768346918,23.273795494786008,0.5594585229451805
37.64555580987565,0.5537577636698953,25.733048028306474,0.6039016403945593
44.69355672738968,0.5535885698672649,22.92613628963774,0.6291947622640942
47.72029043543867,0.5917769465673418,19.529042798984726,0.6177971456199286
39.92921441076612,0.6075925292334534,29.258242596463248,0.5940339362309041
39.53447496407571,0.62528416346816,27.27269164774953,0.5821249600127965
42.25952476197703,0.4600205522017172,29.138073944200933,0.5826435265326657
46.679768714458504,0.7659247755404862,21.03705943444498,0.5816524652107294
41.47593698258863,0.668850763542303,23.481574132142526,0.5466238115480414
38.939036168329686,0.5198205906189298,17.38655853168641,0.493832716101796
37.192952907222086,0.7094977742638091,28.952263429347653,0.6145648322731927
44.452748941935866,0.6126470267809637,21.35269330172352,0.6187862640133388
42.90548080136822,0.6224550180468396,23.4088203803727,0.6619196147834328
33.43037464299503,0.6553866555567583,25.366604138502236,0.5675904391279798
38.75692942911933,0.46960140324043476,23.41094634144471,0.5755311952794173
39.30860444359041,0.7015076382657457,27.565606587569448,0.663267922633909
49.08818084669091,0.5838760881056893,15.88834757413579,0.6673911422821817
44.40515210807321,0.7098295404527856,27.66478132508469,0.5988946411794683
45.05611520034002,0.7050598009714575,26.031540794989613,0.5215471812330961
44.97103773498836,0.640968777658333,25.737612936110835,0.6547206670127204
45.43034197742502,0.48037704003599296,27.71300304876917,0.5259879373759353
40.134486997147796,0.8632824507696164,22.637079944165208,0.48964727548143955
39.150846554041806,0.5715586630304819,20.538740698520506,0.5649808376033985
41.76392883938209,0.6759624580259006,20.553847749551785,0.5682449169303766
28.857169942352126,0.6539831295380467,18.584142221261217,0.5822309407192341
41.28484272794144,0.6271634500305034,25.140813963067558,0.6173972119890891
44.60773629947894,0.5312367133362944,31.514417869569694,0.6229143921327098
36.54145708539085,0.6229433032243916,24.915104271055938,0.6700152553253127
46.725095527682214,0.5278305380153068,20.40576677430942,0.6205902182638204
41.48995832848402,0.713316879663461,21.833681074978777,0.5832197883549782
55.70887126474716,0.4753718784731263,29.512563066207317,0.6231670584920408
36.41220481643281,0.6299721314310294,34.939254319673836,0.6212601777805933
38.427439576869865,0.6086455386686016,25.04533701656154,0.6038855765247777
42.24547039550438,0.7742354160943938,24.249582114604973,0.5811191746098541
42.32556600496264,0.7331677453055695,25.106160589486517,0.6598827067537901
39.03101160285806,0.5638277588142734,20.899310406033216,0.651147698277208
36.2020125057335,0.5243855504386044,15.503019343843457,0.566036550015428
39.106833413302375,0.7583879899670836,22.354258582416687,0.6587952281183626
42.884083445794566,0.5202380684396184,25.936423842447446,0.5551068675547587
46.68983292313081,0.6511816418291873,26.313840882493857,0.6830541646166849
46.197862018885864,0.6261324754451921,29.32375712339195,0.5532538190124772
38.956626786749936,0.47592642352559095,25.16103007438631,0.6642866784523249
39.27652115737258,0.47931551505336645,31.689774934837697,0.5703020889220525
55.0857392775786,0.5598038761494395,15.98967263364029,0.5403282489998217
38.834522125869626,0.5180058170880253,27.342965200391788,0.5916989127077172
32.626902897350206,0.5353709216093423,22.160415326762376,0.5887104179012063
44.179200819272694,0.6868677951832837,19.49260782254711,0.5213107480231667
41.99130870586615,0.5839348620694166,26.2158925393,0.6138143792173749
68.73742356623048,0.22326619494554178,11.483305880172736,0.5037308493716107
66.33405061592572,0.14642520890979835,11.175350609424507,0.45348790958749247
73.07429509116423,0.2634746930820475,9.355631557178393,0.40862581674436743
69.38989797730233,0.23191950062829175,2.4775366476468683,0.48370461238757684
78.95212136569346,0.11581004331570893,3.931090117002198,0.5329398753308097
64.21347363760712,0.08575782244169781,7.466413545712286,0.41666360059145935
72.54920731956469,0.05,7.5053369903839116,0.5408256195179681
64.58325023309472,0.27597735495575737,10.227643398596712,0.4819622423282692
77.01485789032492,0.09879332534382917,6.973450856659467,0.4939882650288506
69.81604139296802,0.28308276439934604,0.9230068578316528,0.3727400446158031
64.52120675724296,0.053966740269269745,6.873767832797459,0.4321870711949858
75.91021944428655,0.10877918742512158,3.252730277726815,0.6457580232538364
76.90157936366764,0.15992484232561455,6.9464385956084405,0.5438186817307941
66.82090957831362,0.17012973848355445,3.3961388986222496,0.4948722410176755
66.33287673199598,0.22239227991886812,5.859999600569011,0.4780490254792142
72.19962052865736,0.14653064013489622,0.1493556749297129,0.539966521868799
79.05223585776452,0.07270040377119756,0.0,0.3419719844507023
72.76397351951582,0.05,14.441986411598068,0.5707407144961192
81.35711913363761,0.24174822688338055,0.0,0.47764665176437116
60.107781356378894,0.29001013968295286,12.396166918713252,0.46672967637370755
64.90644072450884,0.12402155337282725,0.9312768156153908,0.499328267465663
69.24441686869037,0.3156426813721349,3.1871159650378456,0.5718166345297963
61.78971015943454,0.2093584260685063,8.734033432350802,0.4911060228894235
67.82788622887128,0.15260428084069072,0.0,0.4756566714381092
70.63273566600941,0.2834264114270175,5.305006469096101,0.45339535978592427
78.41509151863633,0.3332080687439911,6.548248862649157,0.48011058305949467
73.80731217971969,0.23447019666138963,6.203122453227049,0.5723667512021186
69.78442844636452,0.05,10.319874694313832,0.5623078660998221
75.48219849483162,0.0824164855639634,1.121137548537845,0.4871571034929584
70.57448324749646,0.06774259820706124,0.3135265503500033,0.5885320267825587
68.59685592635537,0.24025098089011565,7.320544887741602,0.49014040769075923
67.02844500103781,0.16627279766978476,0.9629722845187594,0.45880688910096856
68.2828419144329,0.1614057604322755,1.7955751090839063,0.5364604268468258
64.38198302470786,0.05,7.532973181056924,0.49370011006007586
73.40647340740195,0.17009053322366624,6.985695275479222,0.5183162048179188
68.19794175523018,0.17249917116265814,0.0,0.4138091684816793
61.659127904505375,0.1257172558359873,0.0,0.4865034677988381
78.47050827376474,0.21902221470143793,12.023586306495279,0.49603786759952695
66.5221010871437,0.3152613002624661,1.016662137813146,0.5003906116980572
68.85956854859337,0.06467403384176267,2.0884753851238944,0.5489700622710947
72.00097909615624,0.05282462573224882,16.325437276218814,0.505575707531142
66.33639572622161,0.08189224053323492,1.8165533182036278,0.5344205003446457
58.9738755091359,0.05,11.93486757125931,0.5891922165133882
70.28801250399316,0.05,9.747566096699156,0.49903109714389476
67.6370927367381,0.19270953890863984,7.043866568862674,0.4152160504628079
64.80834758378774,0.16119917383376678,0.6228747356288169,0.4946428569019607
62.45524938715367,0.05,6.715074970189409,0.41455445928134066
73.20585698429352,0.2364576802679996,7.488810270996394,0.45912113827727485
70.90925746037394,0.05905334346035049,7.302869789753034,0.45079324807920884
67.06361669527602,0.09510665440081217,6.093337448550608,0.5413437977483315
60.41280834711141,0.14467321085954404,0.7980959726035897,0.48038903206594336
71.35651560480287,0.05,1.484525181164014,0.5494312911952748
66.3242599247501,0.38732704538611495,9.303413866566547,0.49965366115940846
67.53391317088719,0.2078205884721163,2.7949306442845274,0.4865393565225647
70.05010565572026,0.12084532342890303,4.589200491347312,0.48566797710107285
67.25505801830751,0.21309246996038889,8.038199967510037,0.4539840254735647
75.57297823434646,0.07658408210307176,4.131347735852103,0.5300412046349138
62.84634624696178,0.05960354728732864,4.068661395979446,0.5352107490853463
63.72792508598663,0.10859643127636236,5.4536001159401355,0.4807999089320757
74.02194346626547,0.22736226453086847,3.3520671418403847,0.44575229768920244
71.39752332741759,0.25414332950582325,0.0,0.5542498649930676
65.09517301405441,0.2331521214361284,7.735402742501822,0.509274661382782
70.17466850073221,0.20982761466263064,3.4975181359634244,0.4432141680773371
76.34908528687043,0.09125097991379383,13.018966937861281,0.41404857886881796
59.87063517163902,0.1727711659460612,4.0575482267504865,0.5162259658601709
68.82694232351776,0.05,9.185514215595198,0.5916670589606117
78.76215210707423,0.21704972957958418,7.019207334991257,0.5255456451469449
64.03039715330547,0.10861849684397873,1.8353998391417918,0.578522415458347
67.05489311704721,0.05860760741831264,2.3555987620977947,0.5197137266321211
77.91575032230271,0.20200497140008927,2.5653668659461886,0.5469254284414078
64.10447952464479,0.08558752622306658,4.0700113481340585,0.45546141195945306
65.31419020213792,0.05,7.9257653617631805,0.5134591322269713
73.45442365725984,0.14925436220733854,7.485363931572488,0.49537078512215815
69.54589591555906,0.17375764725728177,0.0,0.5720237160536007
65.00147060865058,0.20496387089241636,15.639659228794098,0.4829614649968023
74.52940420944748,0.26975030784086435,10.89367814066906,0.6101953130347302
63.71440368523266,0.08926457640605191,2.8831289419657637,0.5289820316803318
76.7704129743095,0.16337966455577527,0.0,0.556263995748102
68.98932871420101,0.15033476937123555,8.075641144994918,0.4312957554860154
67.65513491082683,0.3007952829219311,0.0,0.5759711047566963
65.86305193334213,0.18771972223824368,0.10295275778086665,0.43989556138034813
61.82923877655907,0.14687564423893806,12.836133527425797,0.4914235514400447
65.28266963797925,0.05,0.0,0.37902255414190483
74.45694067837513,0.11989807353285348,1.5640815260261132,0.5253213511475985
73.64196414521884,0.05,4.911613346427835,0.5272835413341906
69.40737288322171,0.23599544359571423,1.6549707501914543,0.3934069169899973
68.82222560481105,0.28596095756780643,9.878917442982146,0.5138895971186798
64.26056119168558,0.2069887109929583,12.986168004843803,0.522436878558618
64.49321351420907,0.1245468209747769,13.298497666303126,0.4428450525290799
75.73522482340358,0.16619455715735615,2.5832509346087513,0.5236101334863166
71.42486710213984,0.09421461617573915,8.39647515896581,0.45705480790007674
75.2913205153778,0.17446595686974442,8.425128946308764,0.47433338266949393
66.8163580637343,0.09354156465623223,0.0,0.4931724218938428
74.778960219511,0.23441807096518588,14.458851629580073,0.5892401284879561
72.3016174343532,0.13011473430150575,0.9256971126611004,0.4018770702552734
68.88815676232434,0.2766303744786344,2.730329425637639,0.4575355644990571
69.6004845746237,0.05839868936078804,3.6956624862560883,0.510871489619865
74.76244169206777,0.05,6.483995554244281,0.5807749786009226
74.10398130862181,0.3078257730743017,6.066593492426695,0.49527604155723914
65.62245131619852,0.297938692527846,14.619468655817924,0.573646262439648
70.72825479611409,0.15012370383133153,16.5855259804107,0.5307276163183287
61.02016338223533,0.3876175771694395,8.818866582918053,0.44489921606652505
70.64636123458725,0.16697176024138655,11.785799259653679,0.49855969181162163
71.19548715382275,0.05568611648397237,2.8199532539955996,0.4686566451905266
65.0793546476653,0.1578836156234013,1.949518183245706,0.4586966526252939
72.95052232985385,0.16872298305475983,3.667190140636145,0.5085128428182873
64.18171359682987,0.0627792738015427,8.599772921712788,0.44281919347355164
74.16499380930598,0.226359009213078,0.0,0.4962126401732918
73.1281027512395,0.05,0.0,0.5428184573335012
68.55295884801431,0.12117020002881017,13.47272772196364,0.45152739002973535
66.7529186999346,0.16064722208481455,3.2612397966127213,0.47071213007101115
72.03950644781834,0.11211852448683854,8.994244517784699,0.5031840077332633
74.02711570584646,0.15246766554290314,6.172362970033249,0.45188023716528375
71.76496282689786,0.08081890646322275,0.38217775720389824,0.47300475875046155
64.22373612574633,0.13700325717143344,4.381382785104659,0.5039328627192469
72.37761852567533,0.25521122015253406,0.0,0.45501607648844933
68.07547571707444,0.14694960098790194,10.21285558285334,0.4882251770736892
63.67908596869626,0.05,12.349996831262077,0.5370465699367951
66.2638033587728,0.1454769411472156,3.6198343326037086,0.4557801603325374
66.91872894742039,0.2646124908277861,12.04708756115899,0.4804595481127394
63.97753468626261,0.05,0.0,0.5727327685351568
66.53136448534632,0.05,5.282005939394363,0.5277056341521227
67.84130856081127,0.21263262512422987,10.15975710174813,0.48885003349568074
70.10073779332427,0.251591192421643,9.995326350796883,0.4969544868301239
66.04951956140874,0.15265130519775247,2.0332812647707494,0.5094557446762404
70.09696912799758,0.384454534016854,2.329088179475602,0.45890139121937323
66.57359182871943,0.05,2.8369588304043742,0.45855792317733446
71.63691352162883,0.06720837322252385,5.934206437007399,0.4905329196411552
72.66181383949987,0.05,4.326647827564729,0.44707934835584573
67.96975220318808,0.35761126198288373,10.11638374551203,0.35963484656799916
66.31196025759303,0.16484827349760048,5.399901405851142,0.49028189447248954
79.92263683686826,0.05,13.77659140471614,0.45896438107106347
77.07887279487485,0.10951540328820583,10.292650425390029,0.5921189294395801
72.57269718186808,0.1295067318382454,0.8827717853814292,0.42722042039438424
73.37585598519205,0.06639692157046559,0.2760308141481227,0.48440340941707677
66.06245881798624,0.05,0.0,0.5345165673864258
63.70702189909858,0.13621219686675523,8.896827683257083,0.5069473432758209
71.83391775643116,0.21679291611904317,8.292685062811698,0.6063195338697747
68.84846112558262,0.13005766310475206,10.133586706816244,0.5775871662276723
71.35414807252435,0.09528961300111789,4.023062898662426,0.5233433688366443
67.27324489759808,0.11239364805525293,3.005608770491001,0.5248014541078216
62.712574701329935,0.3683340377384717,8.640375509881606,0.419040457518872
69.26051064712871,0.40761718144855785,4.2629043858898035,0.49584802251423427
78.58938739015629,0.18150825011857902,3.442676074469601,0.5119882094524989
73.60245826849263,0.05,0.0,0.560706057679035
68.47755795748992,0.3358464539929836,6.933179510192858,0.5059155975914732
70.61983152311512,0.05,2.948087386785728,0.48884382251664354
69.52347759455547,0.322860771785206,3.1137851539632453,0.5022113737309681
71.15516621273315,0.12736886232821265,0.0,0.5258219302206645
68.98625414293576,0.13726020559536573,0.6626760015239102,0.5074819426663417
65.92936905172286,0.05,0.4303680688420872,0.48297036285242106
62.51654315382587,0.12712034274494335,0.0,0.5090523199075024
79.82989794390195,0.08064589769339177,6.8863162180222295,0.5175932006589659
71.08013184050253,0.11715694479349589,1.8272935838948716,0.4905964419542791
66.3973427789939,0.15637948373115027,2.9079072047676506,0.5387620710233433
59.432873805085386,0.1557810722177637,0.006068588739452707,0.5983268474001643
60.95894233744912,0.25866017509135164,0.0,0.4611463382140307
65.97909967223286,0.05,3.085694759505719,0.48553466230070147
64.0669163482636,0.10241433842896232,2.6380046362032,0.47914319698236324
75.66085460470899,0.13854753830508745,3.2880973523685375,0.46203965385431495
62.3960855165111,0.14344203971677214,13.169027767539731,0.49894106479800315
73.23434468270158,0.0804732531179678,5.625414914362861,0.5116431812800678
68.99939053898908,0.21821575855026004,2.4025995129066695,0.5791244050009576
63.8674518372064,0.19654916755397053,8.920246144969086,0.44516300432993916
66.34514063859707,0.1417592770154135,0.0,0.47301496463520887
67.98576268535368,0.1416077629101573,3.597926512275193,0.49825789886018207
73.0880748784459,0.22706571273390994,0.0,0.5466210611691444
63.46605353758951,0.336715757858953,6.5131619904537175,0.5787508426206084
82.9976571666451,0.15370154244372736,6.561424444063887,0.5785666581648843
68.61593364411063,0.17811952495056504,0.0,0.4475331959609816
74.68721573458551,0.1275738907633414,2.048247504948967,0.4844128208972972
68.62964552269018,0.341316910567408,8.705598487455514,0.5285074137784096
78.7110221616743,0.35825521940643973,3.1432442382144545,0.4901660570154183
74.14331999361123,0.16750836795109342,8.468859110815336,0.6200818826866868
69.79407626929476,0.0750208487360853,12.446528069921788,0.47011771616555625
69.44791056572697,0.26714264543678534,8.794291607450061,0.4518762081694433
78.30014516035595,0.10320128210838087,11.933245402822637,0.5400357015241504
69.25191898631894,0.1685491656763526,0.0,0.5004057257548414
68.75022614961914,0.21991601205619987,12.298918007770798,0.5355687229993727
63.67013244593883,0.05,6.092783256382483,0.5741322323896848
66.91679514217763,0.24722471829782583,10.780597655054686,0.5183707916820378
65.38990854929916,0.05,2.744647116165908,0.5071447395115573
77.0038329233528,0.34272594086591057,2.761869450628579,0.47750370154234334
72.84267626667125,0.05,7.838039267658926,0.4837929606815073
72.11603601617873,0.2360922546931864,7.047630293953042,0.4524988575794552
63.79358778811225,0.12124089303263458,6.412003751060146,0.5483660807098097
71.38052285821614,0.17890837230248882,13.234372832949955,0.4873143247148578
67.1127026670797,0.1945182622030863,10.542722630071317,0.3453734513101836
75.44669111590858,0.14658643753158584,14.531605150696429,0.5450094901086474
68.79058865185613,0.09207629855803215,11.962039544804236,0.532350486326553
65.15918962062364,0.4044328773105611,13.708841695623086,0.5306094748080026
70.8717433457988,0.3949714176997745,1.4723246158529193,0.5270974020841409
71.55118619837289,0.1550440925561018,1.5308348505779668,0.5085678985539395
67.52622112561313,0.1649207269924252,6.185985337289411,0.40492343487602345
63.18619976340108,0.2641683978574604,4.9272423453104075,0.5416941942891349
75.52584218881945,0.16178770097548834,5.93103066010285,0.5878497089728051
70.39131407370888,0.05,0.0,0.4915432875799868
66.18405399761009,0.05,0.9787941338820785,0.5514562187901416
73.1788934676089,0.14915077790880116,3.482026308373329,0.42907843865299794
69.02871340989812,0.18260265769548373,0.0,0.5445149565029674
76.40606145407754,0.13086564489024943,11.810600213265962,0.5136895407611687
62.31620126293453,0.1657252823439465,5.857443283708551,0.5414283071953493
68.88003004913121,0.1853210966220062,2.2427161922088814,0.5314735612470082
70.6035342045461,0.09908340890163748,2.016911530544517,0.4682210753456798
73.02306427550751,0.11397259427826936,1.165670560705177,0.5435715181664681
64.62123676016256,0.4189876361988919,4.352556294077562,0.5022342626345442
68.83756665175413,0.08581075357537253,2.163879803800418,0.4979240916618059
69.7070532893047,0.17256065151885974,6.019770006222124,0.4492698456350081
77.31700008269881,0.14483820325433516,3.5502720320249868,0.44552085215983145
69.12247750276124,0.25679622672755414,0.0,0.532160520955651
76.480901912597,0.135199480764962,2.927244130105043,0.5036727798561521
75.22816870245694,0.23649305826558853,9.73564984317957,0.4916485902321133
68.227351295384,0.24230359029582005,7.550271693261113,0.4438216278940248
67.55619887789297,0.09033798091810136,0.0,0.49820801883478066
66.86819368544437,0.13813503470343322,12.035956473125431,0.4154747360748521
65.51861704427068,0.06990844527750231,9.304819461597662,0.5373698057474542
69.75189607456834,0.11486178777657904,4.338127514881041,0.423906299673571
67.39777561764328,0.16466648714723084,11.408282617649826,0.4614594860705915
69.66120229674013,0.29939082316431864,5.714927388071395,0.5792554203845993
64.57765965422894,0.14287146794308697,0.0,0.4913066894254238
66.35050119751958,0.2412811759539613,10.376966663424232,0.4500048477840658
65.18425078483011,0.13965252043333168,0.0,0.5702373132053723
77.48485698226264,0.264135854669821,19.98689740437148,0.49911108921559333
73.37297241672847,0.3150114059475242,6.8837822681573835,0.47443081704363627
79.71836109338193,0.08368141992546087,5.270288742099263,0.4176667029815587
75.04069110710219,0.16099827567023092,6.5593481162267615,0.41988959098199574
62.581361725125085,0.09270677859973936,9.364816814280685,0.5254477717067525
69.31932965338588,0.07513856509376653,0.0,0.47370873440844047
73.93608384426604,0.13455182692960643,2.8331873411070223,0.44548130510875456
69.3025479436756,0.20714560873859295,2.5987127903850915,0.4524761911308762
62.70991381887833,0.17000277806903302,5.746114686721843,0.5129173428388877
68.87670232681256,0.10221071590152273,6.510738140652844,0.5949160790837658
70.61465386437544,0.29737383520802907,0.0,0.4535985189062629
72.11182924965053,0.05873336400387376,11.686371710800948,0.46312233873807024
64.62058803497632,0.1570450759630048,0.0,0.4544291261890827
65.7172182763953,0.1407531114327329,10.543898451847497,0.5447122828102877
67.13429329800876,0.057932890191218306,7.850469178044216,0.5252905218453561
71.62143721374429,0.09173165043932877,5.63926012285513,0.5079327966600079
74.89752087041818,0.1967017716435888,5.465924195221014,0.5098779212895149
70.0350365967569,0.09675679921457395,0.0,0.51828698511111
65.86200281810622,0.07344229175754571,8.470739368244686,0.5053913005947276
71.33803190461755,0.09236943564576316,14.837438375342568,0.5252420003936111
65.2264197663501,0.0738209805545556,0.7941857119410294,0.5203986193906527
65.688409934982,0.18276149405006067,11.273128807656306,0.5021760245575252
72.86312775099827,0.26365244986766084,7.811605819026567,0.4901258586335568
70.69966492935687,0.17478089684443565,7.843244053007444,0.41521417120212134
71.82466474400513,0.05,0.0,0.4994331423961617
60.25662264695426,0.07192729358507617,0.7427294846779233,0.5165966016180646
66.47068403570235,0.05,12.379573902204099,0.5271401648769025
69.9422234808297,0.07751002639463146,10.615359628013485,0.5293039529970909
