length,width,speed,shape_factor,vehicle_type
11.958924560957344,2.832583167241907,36.63960716724313,0.857017591677471,3
1.564132839921778,0.9177780357990992,67.28528203826994,0.2666951328604087,2
3.7663723194254777,1.6385136323573875,48.12922760711805,0.7929500161268632,0
11.999670698009345,2.825759464951633,48.98802450042968,0.8585170688186278,3
3.620395693258717,1.6270219313050591,75.39972568008554,0.7371940064784386,0
4.67785468887183,1.8601385056080004,102.1981327287951,0.7326348877847013,0
5.071636845738382,1.721268700796295,72.32276676425471,0.7715408101619111,0
1.4893457674558435,0.9717007681228274,56.474128021074,0.4608231173823788,2
11.344143608821511,2.8815281592712174,48.03637582531626,0.8356254511894838,3
5.7292291881646005,1.9855991170749083,73.88732215558069,0.7164526148077675,0
7.807853166139048,2.401093260907007,51.20590855905423,0.8638905074042016,1
3.6238859669118453,2.0288323792646854,43.773524724836605,0.649583616412599,0
11.006285144971189,2.1652185240128956,52.04554732342406,0.8706147930230023,3
11.429225958788967,2.453203818731693,32.15778432142697,0.9270415326131813,3
11.148618210983848,2.7617707410283336,46.098635668598845,0.9028536532616234,3
8.532427449617476,2.4505440472415194,56.74920678613084,0.9422037459297822,1
4.642379159620645,1.7422340855981373,58.25833814826047,0.8619032276047507,0
14.532498853910788,2.6903930513700915,45.093092388656856,0.8734490615859862,3
2.4670332207841548,0.6720861685523284,88.72785513913949,0.40732689178390485,2
1.7212906328444346,0.85417677389427,71.69496202125723,0.44671955884385045,2
11.451763857848693,2.609644012239007,53.4090754607478,0.8908614584391419,3
2.5877227103239964,0.8780998274269944,82.33025199311635,0.3340829507626092,2
9.030051559357556,2.3078078768010033,50.21749947275008,0.9359190202209163,1
1.9939185119034781,0.719779355511075,56.44479481010805,0.37517233694398944,2
12.966183401518917,2.4606239876051585,45.5974176786173,0.8716155438445184,3
4.1990201372710505,2.164164709964243,60.65194591709267,0.757809355890216,0
4.1013876545741335,1.6918918023307423,75.62478895316275,0.6937706740329128,0
10.069013288020138,2.3575381159968005,52.4148158442241,0.9610301507260091,1
2.010600832660214,0.9976736209865762,72.49788303971347,0.36688921093337395,2
7.979183921088443,3.057992174020185,55.800484059441175,0.8338460167221026,1
1.7411294030658362,0.8157970354695183,57.366355973804005,0.40839681872200145,2
12.024682703073118,2.7388309242152236,38.80163623903919,0.8015477046965095,3
8.515382944507687,2.4096587147999173,56.72996647944914,0.9373011000326086,1
1.5512831678802534,0.7593129317041644,98.71906569356453,0.39116110353743844,2
6.9985768833348585,1.7072083279737642,42.123889561256,0.8937761866404794,1
9.519237663769772,2.5260468480252873,57.27318335859603,0.9450793332140053,1
5.49724566048486,1.8087607280595803,92.78497688833644,0.7443430943614591,0
7.250463798886977,2.5896466058011893,51.619400712370165,0.87482264833436,1
4.463598173405163,1.9149065144967568,51.96114021700737,0.6992538044831645,0
13.027876617471284,2.602192045411067,37.06055855266831,0.8946837495215231,3
12.769148485038567,2.732600540698055,53.89509412101169,0.8575474341962238,3
2.3284103312709585,0.8445552245485015,59.721919504630925,0.47983699238961647,2
3.809282438028109,1.803186404368099,61.92316005632998,0.7820172736947204,0
2.300861442898569,0.7303768093433254,112.92470243353847,0.35332416593911853,2
6.896676839292923,2.3930580754153463,40.859862009439226,0.8190493532651923,1
9.848517545878508,2.705864325971826,40.521905260138816,0.8026382689207219,3
4.914098254842295,1.9069997277780393,61.30437460700848,0.7532782010572056,0
1.9161038286001548,0.7882813176363137,85.10565777406569,0.43401631211867125,2
4.806733145671062,1.9277230119560076,37.05644412141436,0.8406208382221472,0
6.291085949994271,2.5005125241474464,43.37864116477164,0.8313598079032616,1
6.147068562035615,2.3092104903482698,50.50917859288572,0.959855425085235,1
13.181591723061265,2.625646718276128,33.61712170819544,0.8322092440360367,3
11.683370272310517,2.7405213913663795,51.21014358801942,0.7637965960421422,3
5.099179253540926,1.8660554553980195,80.79977431838829,0.7000136439461612,0
7.7818218736109,2.497542133586533,35.49273217199806,0.8771877202454134,1
2.3385994559179575,0.8509772123184739,66.42246415776374,0.5117382902720994,2
2.425504418363054,0.8367978771871087,68.84531986718991,0.3655974145465245,2
13.192331862893923,2.689151424746995,41.278956798950446,0.9303401535300305,3
3.909838972962614,1.9692791336023974,51.47353686216101,0.6767457526969172,0
12.578893157503773,2.50183940997743,45.87280271743719,0.8145728568009905,3
7.66565023399236,2.28400222404731,59.12110016469528,0.9537203205722877,1
11.988359196533407,2.7104305519007146,26.811816915516054,0.8288264406137911,3
2.1678392165116134,0.7847328375604015,95.0891340900683,0.5019733231352771,2
1.5487734080213469,0.8291939416282026,69.51181037634608,0.35537558457932555,2
13.618060831657168,2.5400685417296374,38.35486319092241,0.8435176259164755,3
4.6314962268986966,1.7096756630552947,69.78592537156446,0.655373498231231,0
10.99593316377146,2.615659946495124,41.21182516303578,0.8230042017584444,3
12.99423468002882,2.5370222812548,30.4500110982407,0.8908600120035793,3
7.6120032226882035,2.5497430861344164,55.16017138847572,0.9000690005517343,1
2.032488680328447,0.8209191503739757,52.22490561736741,0.44028938476851776,2
16.014698535733395,2.4323729511847976,41.64861504104634,0.8813514313456196,3
4.426497079778837,1.812969662579058,63.15990770433485,0.7725578676409772,0
1.9127628466215343,0.7284906499411429,74.78505121439001,0.3590719212889555,2
13.542599515593567,2.6303584295352964,46.53131370612267,0.7844391723836516,3
12.120537654714797,2.4555837067774915,37.778826298405015,0.7687068907967896,3
8.042173631134789,2.5323693250531267,38.48972968154325,0.8345677726081392,1
12.436797655168226,2.601200496790309,38.60614837891371,0.8660838164547998,3
2.027141764609871,0.8255076322837794,45.77200451133877,0.3973611903990924,2
9.07364261323478,2.557663747188969,57.770285298303165,0.921401239324543,1
1.8814017283478273,0.7221531615884692,82.50675363664759,0.3967359140548516,2
12.20352597858575,2.2922019658135158,55.96045014816041,0.8337952352532451,3
6.214043155250726,2.8057581381891996,56.264901021516444,0.7772703913773923,1
4.653934985777862,1.4844582899057754,51.67991412293593,0.7852392737870938,0
4.713386532938959,1.9005530134204778,36.28228930953578,0.7127250757912864,0
2.0943176532660313,0.6877484184774448,79.4907639689698,0.35651232359648516,2
3.9790252933676276,1.5684025906184615,87.66144200293469,0.7736628298337498,0
4.669004539911253,1.6425281294274727,86.3665249477735,0.7515187372437774,0
4.041736152410435,1.6567305290398562,80.36486390344585,0.7183385779873469,0
8.8782423617103,2.7515882936780844,48.83011072347848,0.8287636040840601,1
2.573012696178335,0.6844361842331093,68.42400893997753,0.43121196108469745,2
1.93879613418048,0.6830137315085614,35.200263230142774,0.42024741072225436,2
11.23161708023822,2.743649225524932,58.52977968538531,0.8476395601039218,3
4.1547891610714505,1.9163433459806312,48.519269302204194,0.7361114585122474,0
12.512488039609462,2.543206554467866,49.76314249244191,0.857609975095051,3
5.420958418044028,1.5228143886726582,62.3111540966634,0.7463473554932057,0
5.234598533981975,1.8618996994689623,83.88690356120733,0.6609406740480681,0
2.1607031480042687,0.7748462958551554,102.14047537092276,0.3859610653535157,2
7.702839081845325,2.3246646329316043,27.537105448956712,1.000116263123836,1
5.9825147984077605,2.3779936095491685,62.77788565619416,0.7581543136633915,3
4.5995426678646085,1.9445732073829547,48.87531720386936,0.7883292951738978,0
8.97750937578875,2.489194080227582,42.32583299623796,0.9431593492973145,1
13.01606981959825,2.7964942392318655,52.096979614954535,0.8025543058497806,3
8.555952526611275,2.457489894528473,38.91214142771608,0.8778601666543856,1
7.808309352048188,2.3875870306505886,55.23681412150639,0.8902065938043855,1
2.097644350963771,0.7615755405676397,43.75074754173711,0.465801673190074,2
5.537747630223052,1.908542814957752,48.641554250016945,0.7545856328030844,0
10.895989487915427,2.6253564610251763,42.1201331396438,0.8315896413875179,3
11.85208818917506,2.490195626491301,40.10783691074328,0.8411735746650489,3
3.730620432548527,2.025609218472069,58.00708397333177,0.6997558252990065,0
3.730395490083695,2.136433539037178,81.5085282057102,0.7471167799470672,0
1.3815795428767945,0.8533329025069669,83.23323524253541,0.2945700576056098,2
8.711119477389863,2.5765408224995454,35.053361719152726,0.9140610048861052,1
1.9140186538181279,0.7236714642121007,59.09384162093886,0.4080098493733953,2
2.221973009671895,0.8449679432584444,79.83914336018596,0.4255063935720464,2
3.6198744159763456,1.744770574259128,52.78496301545195,0.6784378226590596,0
4.769054953716309,1.8234947809224245,76.53849570592389,0.7238115489792104,0
1.7622749766600185,0.9533402098303168,63.62852720129755,0.41851388918888005,2
2.356632196819552,0.8158315251789885,58.49961420956893,0.39825341521342816,2
14.29388392341837,2.7952744824885474,39.27186082826169,0.8397808404287705,3
1.9474936367993274,0.7071262685838458,98.68779223254288,0.4352123691017018,2
4.653221610489226,1.728605323503218,53.850623829159595,0.783909678920456,0
6.884441942882685,2.619208395942896,40.02432802985048,0.9072216530418005,1
4.501566717664522,1.654588174754722,49.471647619614075,0.8226701289556135,0
13.551704174883294,2.762278085690297,35.770243274794566,0.9325669743493119,3
8.786461769193707,2.3274836597898148,49.88157286034874,0.8707948525906513,1
6.413831387650564,2.8934989012683117,48.31807876019,0.8019008799334589,1
12.423110813925486,2.7342617054844176,42.52344910265741,0.8922795218196143,3
4.5472371382692724,1.8852982713281783,83.68091343140308,0.7654915349267167,0
7.592656718355687,2.4271402471841097,56.11634369190246,0.8836545289288427,1
12.509941145818539,2.878700310413474,53.19153780561511,0.7339287952169778,3
14.744297932328086,2.3773559612719857,43.99852780692777,0.893793501737438,3
12.22183902102829,2.8510495165909067,58.52178542714727,0.9333557478923586,3
4.184888973115047,1.7525230402894187,58.64487455953983,0.6680249986383755,0
4.0335032727228075,1.978643899889437,59.736453181102995,0.7240081800192879,0
4.578505309103683,1.506551638680413,80.17909279072701,0.6878872646428322,0
4.948304975912982,1.6583025058789207,86.80460200786469,0.8070029791643648,0
2.7052781413975406,0.6700868922288425,63.778012135486705,0.43992120695190473,2
8.23552408537776,2.9669469425550794,49.712131829909026,0.9365360791682186,1
1.572414290875776,0.81047021153206,85.48933583299969,0.3917438880045601,2
4.930072367687623,2.1103709510421798,66.03987538590508,0.7325091183615738,0
11.208676521654654,2.7411693110505975,47.213817055657294,0.8716366436897087,3
7.043438125168231,2.458616245878798,29.891438535212018,0.9606246191170642,1
4.488188181387757,1.6453868334721555,79.54803849326339,0.8129251544141145,0
5.16783781908426,1.991222079316545,75.70968462349653,0.7476157694341198,0
11.408768264801221,2.2395294262628926,44.362008733544805,0.8161259095828097,3
13.543258869015524,2.9578103254310424,45.73827183439905,0.8221076735841725,3
9.398286025251506,2.7191674819742544,41.6640363625778,0.9196685613358747,1
8.43337543856004,2.555329374316194,65.56784078463392,0.9258498813562975,1
4.021419359984074,1.79407236253462,51.20565094315345,0.7592918548003925,0
4.329123183415608,1.7638164206906657,53.68139771172807,0.8238544615229314,0
1.9118918621860057,0.8941847969694944,79.460869075086,0.40908378044102994,2
1.5071423450875898,0.813685243367807,101.66143022514652,0.3186413833062905,2
10.020386732025152,2.028996109988123,36.31317954099877,0.7980902201992074,3
1.4971382649477858,0.7826650834066569,97.90540534490226,0.40306149199331626,2
9.028200896410988,2.5388042379024585,51.45426096827217,0.8154185694877732,1
9.535198712523849,2.2143939463173696,60.8753945079002,0.9106706690051675,1
7.614468778917593,3.3232831490061607,56.53644751469582,0.9027507511740152,1
4.953807548733621,2.0672224475021364,61.05682460666169,0.6785542355175767,0
12.84487904189741,2.4860466703242134,49.969092893353874,0.8155376836095563,3
4.4699941835401145,1.5974848785640012,62.758730569827385,0.7539475718815555,0
2.062057033590443,0.835126994730974,98.80211563352846,0.29765893198211335,2
7.170894955896959,2.3188182740012957,43.28575197013774,0.866422175942843,1
8.736805076186645,2.3376619557039517,58.04967971544541,0.9099667934657031,1
4.3939751263937366,1.877363056254799,60.23129677264235,0.7079090545710589,0
6.77537604472818,2.3541123842788076,49.30107734833987,0.930118214370269,1
1.5317269774831515,0.8324240657121449,68.91723668977298,0.4376287571456534,2
5.1960752639084244,1.5765700255883532,53.100046697887095,0.781051988659624,0
4.341340313496537,1.623516350106788,51.14210545829411,0.7230668434715235,0
7.825984685178521,2.2315041547036416,53.77856413400573,0.8587363212694635,1
11.467064682143937,2.6989713774324064,36.94125338669957,0.9272722983894205,3
2.2412368211996996,0.7692340845719507,76.28043203040187,0.4358463395557705,2
3.7423206176786636,1.73631925285229,55.82373464790803,0.7635439265222803,0
8.150703191761412,2.4741066039692927,54.430961036577045,0.9657046359677334,1
4.762493769143597,1.8788102989837956,49.33811747901444,0.7534823146196453,0
12.779682352671012,2.773209229999147,59.64311625498689,0.7999138492438789,3
4.7076622237944505,1.9008718732467689,49.39352181284541,0.7220251521843181,0
13.475870143260542,2.462270850143262,44.59792388206637,0.9685909366453596,3
6.430847693542291,2.0454720400125574,58.018987022310746,1.0009936227292966,1
5.39521661993543,1.761456671589917,63.16963073126056,0.8008662443568909,0
3.9922795599298735,1.4675349876378687,56.196666250381654,0.717781688202759,0
13.013467608063348,2.8644336993362582,48.20767586331601,0.7773939744110553,3
13.469623572599893,2.152850391478193,43.19300788576747,0.85790928964762,3
2.41016422934459,0.676265513851793,69.43030431887595,0.3987404793904077,2
1.7563039631150748,0.7540331830235055,96.30590923687393,0.47838437025735325,2
11.050469236392138,2.865520145306153,43.537514680307524,0.7594595920786948,3
2.213995216301366,0.8166176499799513,59.101582711627984,0.38050634974731967,2
4.497705376420886,1.8132842263510824,79.10173180378109,0.6978078064657943,0
7.05239696036486,2.5978891812366904,35.89585010299839,0.8627911950558427,1
8.787341319950588,2.2467581021473118,40.05690925054026,0.9195848403876579,1
5.125818329169263,1.7747006949504787,60.88017192609454,0.7464658429294931,0
1.728055649904455,0.8606982296452138,66.91358208199576,0.44474700566745884,2
8.41244553235914,2.699949088944327,35.039260657104926,0.8722614197805559,1
5.683879581988718,2.947281786486209,71.5886697958777,0.9298190376075383,1
16.124318790167457,2.682338391804602,36.549137535117836,0.8319464365024709,3
4.066613247594093,1.9213051550058158,57.199349868487865,0.8421427291082898,0
1.827523031409727,0.7060136141560232,56.456580002022896,0.42436891504879154,2
9.480433922919861,2.269846773407864,51.52110251339506,0.8451737838267374,1
8.80390432665458,2.407681185515021,42.001553354132994,0.9196037842604403,1
10.86965763730362,2.2825630082070303,66.84199622925819,0.8545664271613912,3
12.82962694932235,2.331713631914767,44.19435488529695,0.7968412163606503,3
7.281210739272739,3.2399016353043577,51.21155282939471,0.9012318126626787,1
4.043576484159583,2.3468901501038495,53.7584703551332,0.7255976155747664,0
11.19090665962222,2.6878507550718505,55.19910929318628,0.8671325794281666,3
2.3224670981088877,0.5827558785968117,59.66319775587566,0.40995065979700646,2
3.8612395232289094,1.5818902124064447,51.17555625307996,0.7707569927661062,0
7.113787913205275,2.569640056663146,37.29541865780153,0.8343653525292706,1
11.495179232347715,2.254867953983134,40.37254223621419,0.825748012961195,3
12.327589028504692,2.6970814293421586,53.113671728131166,0.8326661756792012,3
11.113521981170582,2.4763718322041735,37.06807658116367,0.7627922124099628,3
4.61404195699576,1.6090060850772878,59.13539723784117,0.7041024604277314,0
4.658350884051536,1.8050781869506711,62.94374873095187,0.7866750673368575,0
1.4928505457256516,0.9371872615232522,84.34831309683472,0.41917984202035447,2
11.567027612982809,2.8817056482529635,41.837283926949034,0.8554615450012553,3
6.811984073408029,2.4914197311812027,45.95337295606486,0.8165009687496263,1
8.389094799760516,2.051847460402038,49.04121152007897,0.9036349978240344,1
7.681181589795782,2.7590829716280365,51.277350336338436,0.8863537035441312,1
2.0967660781888946,0.7630205610432955,57.63583275841027,0.441192889301001,2
8.65231493904588,2.3946187913449024,37.325425096185405,0.8895931508829354,3
4.4292080436951515,1.8717831909579408,55.164563890047,0.6596027492311484,0
12.613671276802545,2.56054875036831,52.24354496150039,0.7306432749018598,3
2.466083252703547,0.8124007125967275,58.78715508296913,0.3702497926348335,2
10.801314168126279,2.538194991320684,49.622075062938855,0.8663761627080437,3
8.891189385832645,3.141403973410157,63.94962297976767,0.8357828946219636,1
4.0618717434021265,1.3891357889899512,40.214530012541964,0.7409349309238773,0
4.735834328249729,1.7286289111387876,61.269859461858225,0.7193506828043876,0
8.55533192121284,2.217551865951966,50.213781623701855,0.8553610188333405,1
9.129045876156836,2.818307729399214,54.53801209527548,0.8793234199225364,1
4.431974526273777,1.801468083679404,71.14676572838187,0.7541460178077356,0
7.620969393224413,2.7620775306944023,51.8840627959316,1.0230436995575956,1
4.003651071554954,1.3123385267477188,53.7476001799337,0.8072980669403615,0
7.891560343811108,1.7668515125075759,50.510950753239214,0.9517330646155155,1
9.35494180136002,2.31985492851382,40.50254580225777,0.8192056177327588,3
10.485379717212474,2.475789795444387,59.52483814063537,0.9033649895318822,3
12.29358714125935,2.5915978538234445,49.70933917130014,0.8724657634030039,3
1.9724745516483082,0.6381993040746925,79.53413235747121,0.3763296601171714,2
12.623660854955462,2.617099679182996,57.21427577537544,0.8357054748889601,3
5.511410953363159,1.642678035738077,72.89267334790978,0.7306786042418274,0
10.9654498839844,2.3587945104119323,34.39011335497399,0.8826247661298775,3
1.8307703245143783,0.7649552745471477,86.63931578525636,0.37262414763628904,2
9.662245819135576,1.9402916155208472,35.45363938752169,0.8670724358858338,1
4.519311102616238,1.8303513250731844,96.72931477852306,0.7380296625009227,0
4.212521721528218,2.180667058585645,91.99414227685513,0.709989885752826,0
9.792036618775622,2.7133087284682285,45.00116370983189,0.825314719273668,3
2.377335049863468,0.6997255781629663,95.84146184622504,0.36186023111492654,2
4.185195691024699,1.817259970773256,67.70015656388199,0.751931264473565,0
8.258416381508532,2.4710020954034038,66.78715664570859,0.9146161103152934,1
11.385804158797756,2.549713212792345,55.663951134945265,0.8185333378959327,3
1.9362318284837814,0.6983551153254223,67.1857077974824,0.49580597044376984,2
4.090094713756907,1.5872519606468922,55.444608187210605,0.8032712980569873,0
11.302242558482117,2.5123937160655836,40.55138021279641,0.9288218186940864,3
4.217762698338139,1.869972818707327,57.91180877623196,0.8360018954170814,0
4.359107885573298,1.8819486295397851,58.01015965117037,0.660282055121604,0
12.09091743477148,2.593551611959872,38.12766848952823,0.830403747153182,3
8.019133886892213,2.3913502743835067,57.98973293976604,0.9793033262950471,1
5.352575531773485,1.9804585159366015,62.372657446564624,0.6837276431022346,0
4.171617896024269,1.844603389201613,51.297192350083506,0.7535490143114189,0
6.8803147461405345,2.1202174716368933,53.307937951571986,0.899245871871486,1
7.670826309490964,2.7910707804258825,46.65142257025304,0.865369120068825,1
3.965847857832681,2.014535178637966,67.4144608397914,0.7119958259232737,0
9.819133256702772,2.3557043499685095,40.647349958674354,0.9511466862402963,1
11.718878559808228,2.406953881118491,50.3520750328042,0.8678317654936324,3
1.9273054121976312,0.7917615285545054,83.13522916335988,0.458978390837312,2
8.862283569215387,2.832413052827479,44.637538506062825,0.8812993469399963,1
7.621827117406647,3.195216020880274,53.82525820255528,0.9220192079956584,1
9.234984302852062,2.5686956843179285,49.519902767615505,0.8816759832709149,1
1.9232901553249686,0.6726793858811998,70.0039658377001,0.4221256932807887,2
10.951584848947563,2.1909822009455637,39.81686766749171,0.881472946116032,3
4.528628186833184,1.6568164045583789,41.625062858302705,0.8305939704048079,0
12.18791186709741,2.7095601638760516,57.45086069561434,0.7676653967630929,3
10.337080415292085,2.602146964774166,47.77664182766073,0.9089250859455453,3
14.13054896832231,2.3788521553218622,34.4683473713791,0.8745706871504637,3
5.197079920375508,1.8173996274378184,56.79465313821117,0.6967427702279235,0
12.12129433187147,2.548497507366574,50.861680526949485,0.8932543566123279,3
1.5143789598954158,0.916590908578444,101.24168834698705,0.4277875312035071,2
7.985334779818726,2.6579291016356086,51.32421775049331,0.8508010905522121,1
1.5986784361658155,1.0451476078522652,51.99485933429739,0.4284090165497425,2
7.169765723591773,2.8099117045565514,65.99240805643413,0.8290268740574417,1
2.0404938174735316,0.8351785632255164,86.01716889544892,0.3805421390504033,2
15.668951117920148,2.7068497290465574,42.242169351919856,0.7987141551144327,3
10.600111313039639,2.733880653330134,52.63763842128242,0.8459166169344315,3
1.869869835528417,0.7767439469472938,39.673687491804614,0.41656061836968394,2
2.3723553741660117,0.8082138502768779,51.11706505827391,0.46906036795081246,2
3.984237277123555,2.0150532570655635,52.1052669480607,0.7784335329442202,0
2.079047226164675,1.0798292009230073,88.55502707293891,0.2963269122166166,2
5.415037382306357,1.909539207106762,58.547774953762676,0.7627043857445173,0
4.595387630009763,1.8582859553147968,66.56990254647889,0.7202914951615835,0
11.159565282210801,2.1763659258940167,49.46000293174601,0.7447794513965236,3
12.083943148541382,2.6394401326613903,32.70201440837005,0.8286098639611295,3
4.533741732869486,1.9435551296374045,47.01768597599937,0.7721830327273612,0
8.08661579807644,2.033744727091357,45.86492716767348,0.9159403662803063,1
4.987103141689624,1.5711364095463385,39.878213254451,0.74190637834986,0
6.6194208133760934,2.82451514142728,45.89872053373019,0.894652847930104,1
1.7685392501565218,0.7169034943703567,81.87674919838537,0.4991793468873946,2
1.857975123042579,0.9210766514713455,76.33621706714763,0.4606107026057931,2
1.9421805290495628,0.8916487235537425,67.76561219128814,0.43925119676764024,2
4.543625329261519,1.8401105798138082,68.27938710672055,0.8101481239981919,0
2.225630196501953,0.7283448825519753,79.41516591527487,0.35833382396327573,2
5.573277200385576,1.8847141908764864,54.19118172849961,0.821014879447251,0
9.524174649568845,2.7703923856356742,40.12623210368693,0.967946134935717,1
11.401786320501797,2.6517785742120945,43.97839032801303,0.8123997439015793,3
11.62017628034436,2.8265578076148845,37.67516795297975,0.9309172335456463,3
2.5506959237786235,0.7552663957890635,51.05256517778312,0.3169541208050847,2
11.651415077371713,2.5477025313186523,46.91614822302813,0.9065833506491785,3
9.925282375102231,2.5343109937326926,55.13211553687567,0.8860815850689815,3
1.7008413238532794,0.8182025061203163,62.022414344653065,0.5303126695118346,2
2.3331884413529727,0.7908366901689043,48.621701578712035,0.43687937166737845,2
1.8250252827496882,0.7955986724249235,70.0715072466678,0.43907965436051216,2
13.431882219829086,3.0609876071769433,52.086028070865545,0.8296341874525173,3
1.7644252618340144,0.9811614636485441,83.91132419426526,0.3853510872376895,2
9.571025692787696,2.723334080078827,45.64425190033344,0.8719442482762234,1
12.92570853259287,2.2795146554991894,29.63704773438459,0.8722299328972515,3
4.472153533862394,1.8947147433335698,51.924907499172065,0.7473912622433407,0
1.5977222464361338,0.6706099998493018,81.6865541023695,0.42548981986365925,2
2.356628925944742,0.7647923022525089,85.51505351229568,0.41844076624174165,2
2.0390166584451124,0.71964524680007,75.1246939160594,0.4351695443392871,2
4.534074540740262,1.4641746212762061,68.52677556898456,0.7891515621998267,0
2.108595328060923,0.7312620225894124,48.0080213258737,0.3907172756390117,2
4.708007869891995,1.6974629534224672,47.518099119439825,0.777575587775289,0
4.56984670746823,2.1263008026659653,67.82581903275168,0.7120778195849944,0
4.387225089962498,1.9758103716642885,87.78931275156836,0.8216074209925492,0
1.9046952489370332,0.8769171469913104,77.08825326824392,0.3237502462748985,2
12.965318517056104,2.765737611160595,48.39665219505997,0.9173089898363189,3
12.018316952291634,2.3115888377729874,54.94288446212727,0.7750185962057796,3
2.2509047805501172,0.8089293365455388,99.66355078829011,0.48155454329998854,2
2.3150609383489753,0.7109348022119422,91.58946090688482,0.4366521825582929,2
8.832134776929673,2.641269239930546,35.47674939198379,0.9496958160098661,1
1.6866652465902996,1.0180131192163944,85.27875699892365,0.41037912971716445,2
4.54120603598102,1.8077078645498008,82.43508148131818,0.7028446697223403,0
8.76351825337476,3.052978397398646,52.60941662508113,0.877609993721164,1
7.485989236864218,2.3902459821915176,49.82498530786534,0.7897916280299769,1
6.3897379603361975,2.290874276330472,54.801047278141766,0.9856330948615285,1
8.215127233435375,2.227377650637371,44.1657607995645,0.9021536644476743,1
4.825885515389954,1.6087495663334588,48.09650367473894,0.6940372307796906,0
1.8893770686862223,0.6751262225402845,50.15187444695054,0.3752662822987324,2
9.678728846874968,2.05564407458098,58.52837785648917,0.8302477458712725,1
4.836322595680626,1.540618173757588,30.91831711304145,0.6774485844118077,0
12.267318896899798,2.4415045636253723,39.66188390469421,0.7647120976183476,3
4.815835182423715,1.841748155928754,78.75821196817583,0.7307163282196081,0
4.330243595164193,2.0831743253431507,39.82347468151245,0.7720986027683983,0
5.036959430827118,1.990106251634702,52.269045423769455,0.6855053887255893,0
10.998527522973097,3.007401999573236,44.489026695907334,0.8797248418444429,3
8.438727851262067,2.324914367996946,43.986305884391854,0.8471507135486296,1
11.943787468106176,2.409871537441039,28.364049709306606,0.818040873683111,3
11.655865553870042,2.7738794919326173,51.77939483293051,0.8241583936376491,3
7.230554086893484,2.3559647700900515,66.01877652434425,0.9602979390705346,1
2.1099853080941915,0.7751708499965394,87.90342277600456,0.35697126132821105,2
5.622825402816691,1.390210891504831,73.50328340199434,0.7704576768808876,0
11.308290072277076,2.225492656628004,30.00001900289758,0.8954940066892627,3
4.638188232867271,1.9472894092891289,59.05188518336707,0.864188008718209,0
5.941724870956891,1.966443085520058,68.33314003002802,0.8751753383149345,1
8.811847382229992,2.9452825336198387,53.91016822186603,0.8986263560119585,1
2.797624218992685,0.7548131850498877,86.58492345252694,0.40391543151222536,2
1.618338532249375,0.9896968329114294,62.98080898444505,0.3723670011820429,2
7.702563854969509,2.742640431259681,47.21376924607123,0.8643166444431541,1
9.733069700381435,2.4199809006028183,49.53967529779356,0.922995298919245,1
2.412231910071309,0.8449012800093099,95.00914835044465,0.4327201493750013,2
4.963560568454725,1.9619234318791425,48.139838574953046,0.7543108762506711,0
7.579352044536742,2.2601033500111773,43.41289606652572,0.8935488542096605,1
5.019467373286369,1.8378004545401556,79.81019084109224,0.7669185014725374,0
1.9859940581876285,0.6217502125691861,69.30915336056563,0.4363230623928198,2
3.900224335349435,1.587547697313144,70.90943588457388,0.7844084171183802,0
2.1323229942709974,0.7699706253349009,93.7434012059143,0.43153536096285217,2
10.972097542962434,2.868043467982466,51.023521871262496,0.8461761623561479,3
3.472223387566809,1.539249146965309,77.93071720199019,0.7352256368498548,0
2.5062835416961016,0.7664404682279088,54.15532237279894,0.47966973433056337,2
3.690360796032907,1.7942156258270143,33.242163641248084,0.7888949533868995,0
4.919592353169664,2.0338452750454064,55.88811256976748,0.6860524461167333,0
5.2268165819372765,1.6531570390655146,62.02233377256293,0.8941892828365559,0
12.223919646389001,2.14688666912212,40.07876285833645,0.9150828507684878,3
13.56777934483985,2.577874471455761,50.78996605232364,0.9182245913280978,3
2.0306805748064614,0.644666502284006,70.31987721800348,0.3813848979318313,2
4.958552502018774,1.965060599237312,50.86006509932328,0.8065845774147786,0
2.382400158810229,0.9375819547291815,75.13627537714558,0.30171021908908746,2
14.239626467123598,2.8075222886317155,39.441780719806104,0.9478044890506732,3
6.53880450902043,2.5105595169591752,40.571728733104216,0.927413600150399,1
9.68929231919561,2.4756252879084624,35.9131379054756,0.8680401249144868,3
5.192809010360044,1.4903044576576783,63.210248209933766,0.7460849321917875,0
4.6084096820220175,1.5053568714369026,43.247340407525755,0.8235788081806265,0
1.966479764181761,0.7236904582901376,74.55275709961936,0.4334049716499171,2
14.24480970666538,2.542544139702181,44.23337892098862,0.8583652851270924,3
2.1720281280630673,1.0590529990313307,89.05812742129929,0.3547797749551602,2
1.7313188325547737,0.7204763759382748,98.71651997170767,0.37113937771837857,2
1.9701084081796767,0.7466169349370898,100.1992894855602,0.4003625882940155,2
1.5637435877685628,0.7644822428720071,83.16966284455447,0.4249577798513776,2
6.873456209302418,2.1874658840605807,42.02406211146575,0.9319570477158545,1
4.3461932877412215,1.7612772456119898,68.94696605823215,0.7036280796096888,0
2.039685190565101,0.7431389061426298,51.0953879352058,0.3696130330499355,2
13.828148077935207,2.311509901126061,48.763792761613516,0.8582288719889696,3
7.2680710915035895,3.200880714394772,50.01820650949389,0.7995031925948024,1
4.53214404294596,1.7958917903445928,66.33437045322026,0.7072071877755475,0
10.713174834699107,2.850371664093983,55.29513207833705,0.8434496112713177,3
2.1156991540532952,0.9083299021468008,70.61364659617665,0.3816502406372837,2
1.2706921789690286,0.6508407813641836,70.58686433571212,0.3383400988432,2
4.2076557509745145,1.9782561424269596,24.501839387943974,0.7616023662698876,0
4.1031344518335695,1.8697069328810971,56.356517879534714,0.7124056785805186,0
4.100071815210141,1.9777454912205463,98.78727822862055,0.7009757995859874,0
8.337137967169506,2.2914117426686778,47.89887035946475,0.8841746939358965,1
4.325802759077625,1.8138387003229601,60.95006120103568,0.7820115859782434,0
2.7218250380113265,0.7890928756003821,84.2704436181761,0.42333578155709256,2
13.218319316282427,2.391656264869309,69.22626818645541,0.8110477868347724,3
4.679417697781825,1.5249544527558654,90.12977426837914,0.7773346354727061,0
2.2645691374406876,0.7564062959696845,47.376124088615484,0.38603602752128324,2
2.276571501766811,0.7678116632638148,71.66756548296782,0.3354439286418096,2
10.311455297276957,2.9227350551741296,25.591122450113783,0.8589042087606961,3
4.240770995655978,1.87449333062867,61.61852517332461,0.8131689238516637,0
4.493323165005027,1.7537347984650669,51.33029514292133,0.71167547433025,0
4.852088373952038,1.570764353696012,55.13024150115805,0.5647166972925866,0
9.866808668991844,2.306034811226594,44.772614506692754,0.806654324190014,3
4.483492849285976,1.427792916277062,43.23082253332777,0.6959212794627916,0
2.201854994635693,0.8932729623176481,62.49581244642327,0.3930354914488978,2
3.879846728651987,1.6568992110699605,43.54418632253011,0.8125357325511777,0
11.964097001708238,2.5409585276672866,42.392298656744856,0.960479502325866,3
8.024345986537428,2.409658464329394,52.1922031401609,0.8721936281337097,1
4.432230425946832,1.6125822703776778,60.94620359786633,0.7609648794340551,0
2.198126934712451,0.7528319084398076,24.02724015612695,0.3697931418402068,2
7.434339451017166,2.5297216940785883,46.92651906551,0.9739351633657743,1
11.22060997096468,2.819558041269564,57.82174625605512,0.840235260985651,3
9.008786019848806,2.762268239059169,37.49679643151096,0.9202936214280117,1
8.73577103896824,2.3394961384689736,39.05059734919051,0.9646360479191141,1
13.431608746792435,2.862912780058162,52.54682669951238,0.8661192937147748,3
4.573676934960337,2.0122359791555233,40.965396549162136,0.7053717186540158,0
2.2599764584761237,0.7686222015751748,85.32640257869551,0.5043534612616379,2
12.506398421953083,2.5134111157266386,34.8025845338463,0.7738825837702925,3
2.3708708566980508,0.725670691400411,103.55008042557017,0.40739789562414325,2
13.178517095871126,2.6406106423758517,43.239691584513444,0.891167392971392,3
13.020179956129834,2.7512207686799823,40.05588852458354,0.7984099925017839,3
2.2583867951074574,0.7865228852930933,97.26454255923335,0.340794139810483,2
7.203147101480454,2.312606895559197,48.164603801904164,0.9125625374044362,1
4.678676504676316,1.7386238991732472,32.729810150676755,0.6484309671161967,0
9.062693593276913,2.8868982386652577,42.57585304807564,0.8422889422792661,3
2.0926011904458597,0.7150460630818506,89.30607895004219,0.41257486435762986,2
1.5601061112210737,0.7259219355595161,63.63251603309305,0.3725223920915943,2
9.477411137980393,2.6292141097223287,34.61806861947623,0.8809463139433917,3
10.13016525643457,2.4344211768873127,45.45746830133292,0.8699543059090183,3
12.03127763690329,2.5380411258687916,52.11835741334342,0.8717245082351287,3
4.488793639007585,1.894242114011075,50.00738922858689,0.7714124726622866,0
11.813490283832985,2.4295780570398127,47.31588392987294,0.9257450083944415,3
7.782692575683333,2.255245606358542,34.37234157597642,0.9264663233538915,1
11.63813584498984,2.9548145286526752,43.73850085805301,0.7919621249785039,3
12.691525031614171,2.5687140986289885,50.83777763408386,0.7905277490258732,3
11.52739320324557,2.4499258463976927,62.69823077029271,0.8176507188548215,3
6.072863157598084,2.4487248156447845,45.04247540225789,0.8645526393769593,1
14.141806558677445,2.2206504201459807,42.71514742692981,0.9228772182143121,3
8.750969112772138,2.512858985102416,39.2331909860378,0.9025655788913117,1
9.47246878144526,2.6699131064645094,45.591332743228996,0.812366771877958,3
4.525138109988338,1.632181767929096,77.16183684356204,0.828768720473496,0
11.29008644013268,2.4201156272195266,40.10464305233202,0.8789197179007567,3
8.527808780556487,2.071909332321452,48.95019563291778,0.875336290312276,1
3.3190331738492,1.656696399629807,50.300454610679864,0.7716215680880371,0
2.038141969924381,0.6968680865670525,79.99624863762025,0.5191713423177601,2
13.696875036410143,2.5569115002380416,49.89757530239836,0.8633727156889376,3
5.143949137862302,1.6670039079786978,75.12920105868821,0.7576254073205925,0
10.082588533666982,2.6573882256894015,42.32968419600469,0.8468510886642389,3
4.322562678561119,1.7418070604574676,60.1360238829883,0.7394604686398323,0
1.8941579997936784,0.8456482211227018,100.88636287308829,0.3621777639323809,2
2.2121107403492846,0.7462172269244038,24.256673490617104,0.3988127831765174,2
12.719025509392402,2.6108028329466046,30.046989056265062,0.8658995756394576,3
8.182691638845116,2.8535162409232067,60.83350878532727,0.9188016360039976,1
4.787919489289359,2.0382042138728527,63.73330042610136,0.6764479631815039,0
9.625154863125882,2.5179571634554367,48.61305859313845,0.8646583365000905,3
5.111451904445064,2.082614696215327,66.65513123719616,0.7907545655700905,0
1.7627383334366458,0.859567488914949,92.69112590822013,0.40972083579395874,2
6.739321458252686,3.2633568720915163,51.59006959306606,0.832322086782191,1
3.8699162719752978,1.829732943260489,70.36022290111096,0.7670071930750904,0
7.5333333238508,2.376762601966134,44.60162978335654,0.9023379127296401,1
4.532700698169175,1.4295068154750616,55.14334612106413,0.7835539614522012,0
8.166395400461392,2.201226721581625,70.99686631116069,0.9196747048135792,1
3.7863905384075944,1.7809393493060144,71.30562991670944,0.738298971290951,0
2.376912674376621,0.8021632881369107,80.34019846565666,0.3549942461244647,2
2.4437152149512307,0.7542727547918996,59.103915648264355,0.4016999953889835,2
5.1368049394215,1.5648450216924816,45.30873760156328,0.757229731969244,0
8.149896491708269,2.3992772844745667,50.0747017080164,0.8249167066824892,1
1.99199175804295,0.8451166729057669,75.70967851388657,0.4139696173237332,2
4.123598424003633,1.8047436940903607,55.637143442504986,0.7585290489674629,0
8.893148520768118,2.103677694528551,46.73018691263986,0.9730536076368325,1
4.513297612313861,1.6482391314728002,41.96318668401585,0.7498761125018274,0
8.810124224533523,2.4725075215306362,62.658610404790466,0.8886427918261621,1
7.613083208901207,2.5127179133510813,27.496215108987982,0.8697383846185655,1
4.515790967943286,1.9246895300105473,70.15745001740594,0.6883884305569518,0
1.7856740884783542,0.8785497536398604,48.42014703623157,0.3776631129258414,2
4.331640763541761,2.238780685678542,59.86934630381366,0.8082825555329082,0
2.1965762912274323,0.6462373386946453,61.880765099645096,0.34459995769577895,2
4.493624231548922,1.695595749113754,63.03276107240746,0.7495009099390737,0
9.410200105592223,2.8030545211103277,49.1912946652795,0.9059306712984341,1
12.988978683433011,2.562631622561688,49.41193862095239,0.7915200461371583,3
2.39487448745113,0.7879746670142991,95.76333703143405,0.40346472733853905,2
4.0667637893479,1.7461150883658663,67.09706999998232,0.803286732380563,0
1.9617094819351422,0.8272244759251788,59.866974211307706,0.3624324739883337,2
4.628610943996068,1.5396154044459491,60.02051289812175,0.8056077324647402,0
2.07241971274274,0.7922255186953414,79.78515013193159,0.45495757116864544,2
10.072945685516311,2.9175929759933346,45.17284854328216,0.8424810445080801,3
8.317980513557815,2.156976379048353,57.82746688164511,0.9470483691204203,1
4.239619684501486,1.7949016519151726,55.56500636199707,0.727441117149953,0
10.695634427133259,2.7827009503023,50.00706182876715,0.7954738115822587,3
2.083139607579238,0.8238200506881571,62.44044851405728,0.41805567789355014,2
5.216423495721675,1.916998191115819,67.04955935207985,0.7426406767074285,0
7.176796621792214,2.5267200995552908,46.223001706979076,0.971435156175206,1
7.490156489461691,2.777213164796701,37.7448420604646,0.9719102616506572,1
4.151242590857736,1.9908993509209758,54.8551572149151,0.7858393219737793,0
2.019882349584844,0.8319158133466976,73.71163421260937,0.3782961017643519,2
9.804574767169086,2.337157104428396,51.459053107902136,0.8609636700304373,3
11.027076446893032,2.3971281944101026,41.70481795916512,0.8589137092502268,3
3.622602933878045,1.5963278743045588,77.68199296346086,0.7344043883627153,0
4.369126152545663,1.9860146223687114,62.59231128648309,0.7936151613724719,0
8.373199089353681,2.836527992623812,53.99088754930157,0.9127978945939433,1
11.850445190973582,2.3262448532590403,57.69972851322714,0.8377827205881041,3
2.42707954464585,0.8305122415024984,94.79168341626679,0.4384959195462931,2
7.273843360461108,2.556723853621606,38.2966001560094,0.8073994784500922,1
13.352057145148056,2.85355033433036,39.10899527135353,0.903448350186822,3
2.2786966202794727,0.5203188216041843,79.8188670639749,0.454268234489356,2
11.326733159046107,2.311133557164451,43.954200508363165,0.9664490088490559,3
1.9861385077641431,0.7388204968524528,44.92508968226382,0.4321260307420724,2
4.210895139768658,1.5356694518402059,56.52786215849169,0.7624524524320239,0
2.3583031737387605,0.9077613388513972,77.66949337675592,0.3872684416271573,2
11.558733147403036,2.6717628289452406,51.98467130563939,0.882563522766442,3
7.641282019884139,2.6349705655864137,31.3086419462299,0.940724234304633,1
8.378359878708,2.826978935923348,45.81371220170517,1.0190128811216566,1
6.069727627008136,3.0657402433886753,42.872220699995715,0.8642413060612152,1
4.487971874498542,1.5904755343418506,77.237137517967,0.750185721482707,0
8.169260975238856,2.6654225356306442,45.348546627045295,0.8899285882101872,1
9.389119372226974,2.9308263561612407,43.55217458652537,0.918881309860101,1
2.398473469309189,0.8356303880147744,38.108092341727506,0.357829985171271,2
7.558984167794849,2.807485193412984,39.180687274740606,0.8539952894854654,1
1.6251468935700712,0.5918808066142947,50.414496669191905,0.3415761325131078,2
1.7010696927845026,0.8788119752770133,62.926741465525666,0.3262590254148866,2
4.2687308327067175,1.7897692801474117,73.63167077664426,0.7848941968343998,0
4.97805135728549,1.6427199136945196,77.61599518875317,0.6391385899747816,0
13.356931941220678,2.5712222262886226,59.385621107380146,0.7566697439809181,3
2.163238463412901,0.8066230391362447,82.73747863952164,0.38121856964593026,2
11.535531789773412,2.6569708594168326,39.178195448028596,0.7730394129954349,3
4.841636121792567,1.4937482603171455,54.04956000357782,0.7263342161017992,0
1.7025128289686855,0.8406479428698886,59.877964108171,0.42760699201951474,2
8.137691540910422,1.9346264606779262,56.55684699108372,0.8548239443573094,1
7.389905775560667,2.774202919437788,27.79165641996809,0.8928391229641967,1
1.4673512861646065,0.7348594756219504,73.04907547274227,0.4002437185624636,2
5.848383209601822,1.988142247443976,57.95948716986704,0.7894360945644999,0
8.630064715089093,2.5499923233278428,58.20208253857501,0.8918711553599769,1
12.551384050037797,2.4003517410371833,44.87078342245701,0.848842458637639,3
1.9749375781594194,0.6807849230557426,44.96051577538603,0.36283542859981155,2
12.285821885050275,2.42355456148581,43.953407055533795,0.8728509157600727,3
10.519326362693882,2.7517947467516484,33.82110556695282,0.7327177967322345,3
1.592125986417366,0.8421224444759702,40.559836797860086,0.3470953005941124,2
12.368737278935901,2.1680237573569068,37.35833884226501,0.8745155802505209,3
3.929158005733124,1.5965307952076966,64.4850924435686,0.7698853119709369,0
5.310162302515861,1.971484399244404,49.00744036115799,0.8248416948358337,0
2.0862514869955504,0.8191445231506449,60.43122939151435,0.38356065755358165,2
2.1599038404973867,0.558614191349169,82.47498803574324,0.36431591632974375,2
1.9435851626806968,0.7942916726365582,71.85204165020059,0.39590367235018303,2
3.663349683966616,1.6357324857004893,52.17858127682126,0.7299433340646225,0
4.885535452329095,2.188454470858664,63.98189851121004,0.7344846677140584,0
1.6709302732565714,0.7646574619525421,94.30520199256793,0.42187166149146926,2
10.133287607903565,2.4919221551355886,55.13152406137273,0.8778468700429445,1
12.013992487052743,2.7709887686078964,50.4213892526679,0.8816734243936268,3
2.2194774029363615,0.6914631508805712,88.65597443387566,0.3582643447262121,2
3.918181059388978,1.9048292947517054,63.66579490974076,0.7126061683584781,0
2.27171645055344,0.9962113139102307,79.03847274329632,0.3984283454819189,2
1.853354591481474,0.9021199756114627,66.27425787227769,0.3361590188724616,2
8.059374973844395,2.575733118914844,44.333869732122906,0.946900830175298,1
8.915109856787236,2.707716088605026,39.85608201834331,0.9248320039288779,1
1.7672995711246346,0.7403940141579816,60.0256793449453,0.40722509420989494,2
2.50026780379961,0.821764649854993,71.06335981570393,0.3942670936801747,2
4.543697588943591,2.169775131011435,73.47580385540837,0.7699783689944136,0
8.128910648437534,2.740291171894271,37.78993129590944,0.8756581901136308,1
6.940161268270213,2.3325494135195948,39.527832308871616,0.9435196221503195,1
7.064449604152292,2.5060550279238747,45.3874721669277,0.9860739017424968,1
2.308848854284974,0.6314650894480185,76.14706481149123,0.40579717991682407,2
1.8602474477865925,0.8925122790116997,64.78348742181376,0.4406139176259449,2
13.101635420633079,2.6863403223111737,50.646344743122626,0.8896537994113993,3
1.9433465487685857,0.7545283775833618,109.6556828907361,0.3365601692370459,2
2.2176001643628322,0.9781847728729909,106.95684141613273,0.3180190881742554,2
9.544606782643822,2.09073089384603,48.53222720475867,0.9342613317735989,1
1.7046821723208916,0.8288755511590046,81.00233452700223,0.43010193533082924,2
12.1940728040249,2.720241894399541,49.27761298987333,0.8613420012028641,3
11.417865301349128,2.390991344478456,42.77421342090473,0.8313715301535839,3
1.8963630346214142,0.8593705626673512,89.96034938717641,0.4701926471260139,2
2.549860091508259,0.6802412078203836,67.52080530022417,0.41947431652908074,2
10.621617653923039,2.416550863461069,49.673568692307896,0.8906060835101448,3
5.748683210666179,2.572365353254322,56.49376609969749,0.9243738674160011,1
5.022675930232321,1.875431555211379,84.1196306716177,0.7075282459223151,0
1.8458736746754485,0.7188532585584259,65.97567951215676,0.40583019094799366,2
7.857749243573678,3.093232477797751,41.34889730421432,0.9610780414982224,1
2.1145792313990186,0.7531093591745499,51.6284976106644,0.35768588500216475,2
4.806716734077888,2.054717383431207,68.01100668886717,0.8371044844015436,0
6.872109593662354,2.4222006419563265,51.676114435535254,0.9112231670095468,1
8.964609228394224,2.5203119952910154,47.44034468779017,0.8713397165890968,1
11.37911502828553,2.335144230056296,48.3764411146973,0.8738529353735747,3
8.704539100428187,2.7698386798816776,52.890794089416126,0.9356234426052803,1
7.285675816714814,2.8824753950596933,42.82377532907475,0.9728058006056934,1
12.678431216711042,2.695546400585343,45.89746567241243,0.8058484388881031,3
8.631493149992174,2.7220350493841448,52.401419905612734,0.8517369157199518,1
12.182583394424041,2.706808062256944,51.47574453930113,0.9122095506219857,3
1.933140509648278,0.9779580998221847,89.3049000639947,0.33107953261885337,2
8.369293439034756,2.5562742066238124,58.864026053946645,0.9338898064193581,1
4.4152044822055085,1.6288992405700224,47.17133991749619,0.8324151447815551,0
1.9937711511856087,0.833690361601538,39.414229526212395,0.43739871085076276,2
8.350626536807512,2.874544508363939,57.88021982850665,0.9209110578533888,1
4.677608342698165,1.651230417492268,75.23747996235988,0.7432903265735804,0
6.041414969949581,2.1839362524697585,54.43974108589933,0.8085108279973379,1
8.253098826935487,2.630604926898205,61.35593297265397,0.91951814266482,1
3.4677200493043228,1.548671627802526,61.41067836171614,0.7695344058861248,0
9.662687799590651,2.3663354427325767,53.7445871128129,0.9551679998898004,1
2.1944194842872453,0.6773153083840575,58.249210454999265,0.4537745989593013,2
7.514840387804301,2.584285693037484,50.41873903118098,0.8603912287602614,1
8.360462848382396,2.474343417299653,38.52224899648699,0.8806226140082115,1
3.6867293320183876,1.9198515112183374,54.428540286732115,0.7593973874657957,0
10.922736973991311,2.5374252466704257,48.573568593973704,0.7917893001441781,3
14.574499429042143,2.5220157036326496,32.70757123683791,0.8924849042741967,3
1.5867651444339024,0.8138067054064451,52.38046124299203,0.43754529923578556,2
4.24408787750351,1.9355948209683735,51.62231542900963,0.7200092296582731,0
12.920187471290138,2.546490950115946,49.37120835059292,0.7997324526164349,3
4.23120373354349,1.8026162319195327,33.45830518993085,0.8159892192213883,0
4.562598615335294,1.8771156261582567,56.782345122959555,0.7231985360273856,0
13.533028914346843,2.602978497778881,53.64060930627392,0.8500080372742997,3
13.310874808593733,2.936107614279853,41.16540598821073,0.8074041238943287,3
1.6000248201338076,0.7751078244771588,64.902938799189,0.3183189938758726,2
10.435238374684813,2.880247397330992,42.15149947785883,0.7681978425058212,3
3.745101829665856,1.5847681964411853,58.40276270998199,0.8116211766178133,0
2.0013816152117276,0.8930328402624019,74.4230937983627,0.34727127193308194,2
8.349970696467018,2.6230680552457493,37.298673314512996,0.8532528072494754,1
5.403715708300443,1.6165985918446326,42.50383224831981,0.7912404999723197,0
3.411870726734091,1.9403945357797943,72.73344891586419,0.6498531567084115,0
13.818723482195939,2.352696603279881,44.05983958308482,0.8085887553120549,3
13.924747176634666,2.433847061121466,45.3519816348641,0.8654331493605945,3
10.237337467659119,2.684440874664904,36.17923284045218,0.7948735590481559,3
2.2628292516303077,0.8643627139469714,71.78294809634005,0.3633315363024761,2
4.056495194007042,1.4287507462893159,72.88675703397458,0.7575971407438901,0
4.904002667344666,1.7557484509651167,98.07636211811027,0.6839451729244416,0
4.699723853751953,1.8856677899436032,72.74981795691669,0.7869358194593802,0
4.864198603617319,1.8133717320551879,90.749270363942,0.7199408437321244,0
7.060813938613993,2.133366117053334,47.96963770673987,0.9716575961920252,1
2.3897568639843643,0.6042000603548717,61.97488079047099,0.3934908773362513,2
8.397888955059578,2.7013049269271776,51.18044954713809,0.9603646805351399,1
4.759526366178184,1.6914762500317244,45.07074224451886,0.7973077546019044,0
4.806211175093501,1.80788668888795,53.32894362381239,0.7037389282474963,0
4.792551209624562,1.916824882174229,69.09619723132575,0.8348935453199621,0
2.297245985433733,0.9500315510455977,98.10402598506474,0.4290573077416898,2
12.11944255501519,2.9931143688123463,36.160029164519244,0.9460169035406385,3
11.712272281557702,2.459144566574218,48.2648451992744,0.8284084246436483,3
9.704306416510658,2.8784110499191264,42.692751254744095,0.9357811829330185,1
6.900247078364226,2.6298271094435464,40.893358145361795,0.9223016084961742,1
4.133363207657624,1.696971661619884,95.6284447414556,0.7284433327113865,0
11.00024725875597,2.8315985288661634,55.21384437837451,0.9059972734800529,3
1.9209419931264822,0.6589453834988996,82.78908265435915,0.49609343522734184,2
8.67282714286592,2.328183781352628,45.94759314215081,0.8779959738269809,1
9.614734714370702,2.562356553983923,44.20323373673381,0.7241572949131072,3
2.371222658241781,0.863839319879416,68.17750495044294,0.4433024831573772,2
4.544788626462025,1.585753832364896,84.1879291009335,0.756882133640703,0
13.73348132645067,2.614430123832834,47.289517284018174,0.8344573649384524,3
3.7049012038865756,1.4057341164836277,50.54314361210014,0.8224289299989641,0
7.553841506225676,2.916642086666416,65.1863386687524,0.8530547088128134,1
2.0092435815159657,0.6998319702629769,87.82443101151196,0.4713500055068178,2
2.1564199774330843,0.7137243847756178,66.01853292920882,0.37400444499938706,2
12.146252480386261,2.757862675695233,48.59366856883631,0.8920238497128153,3
2.296503399196684,0.7300620332828502,63.28891759709311,0.29712935072614866,2
10.029495658005198,2.2362369769843093,50.75221272385143,0.8667091803293241,3
8.431459790259595,2.6340934117819312,53.654784248322905,0.9448975920084749,1
7.44585724560657,2.6615393757494514,47.20339504385846,1.0806432138456739,1
4.6342583036871865,1.6303968255695005,70.05884714954341,0.8346120948351918,0
4.511903330509242,1.6843013595283987,60.541776373012695,0.7223296355821657,0
2.468596380923237,0.9201890741209194,52.842883809834284,0.39696542491667797,2
11.787155510485233,2.9091824870812326,43.074723428306896,0.796740515614287,3
5.2289157005543325,1.8408917309862773,59.80923174753056,0.7498117136118474,0
5.372667247158537,2.2827238939141687,47.040114231995425,0.8686883743376976,1
9.455227364341383,2.3318568893669727,48.18227951136489,0.8309795361367626,3
8.013998216148694,2.2871646673986326,68.08532127840623,0.9561407403753188,1
9.944473524712421,2.305785353466864,57.040632600485196,0.8283575671382456,3
4.339649181168103,1.38809164247857,49.136471688451266,0.8154804557767605,0
1.8082111489697836,0.942303169626388,72.02842035063527,0.3545190850151032,2
4.1158593440843525,1.7139190859609337,64.67149316950568,0.8092369036763727,0
4.852181874822215,2.035281391189848,60.96219059773943,0.6618365217760226,0
7.193737210366959,2.758216232467864,57.7016764938751,0.9271146611368017,1
13.307315699096282,2.6899757205757906,52.38281055925686,0.8706310664025209,3
1.9730516727726477,0.7293194764740432,60.85850324090059,0.3818612956852861,2
3.923222230209292,1.7049278686299574,67.00586714780079,0.730319384534075,0
4.420869076171598,1.8790761811551826,36.315204096042166,0.7580604599927637,0
2.0238749904814286,0.872431487183457,90.69805839279641,0.4847146995085365,2
14.292550391312869,2.59193779722187,44.00259550054487,0.8355746295931217,3
13.093355835171446,2.476484392568797,51.64459096424983,0.8784954900682953,3
2.1051873030563324,0.866775083748578,64.46817210075972,0.395047774186131,2
6.826828742126149,2.843820042833877,61.16938341940954,0.9392049449221217,1
4.8846861076546135,1.4997804885955344,55.87732846883179,0.8395720220980265,0
2.135264202510396,0.8948768378287192,88.3211470117027,0.3193767076967502,2
11.392822078978808,2.471971096845358,47.78937524015586,0.8998131566016768,3
9.315662707753141,2.498214578045866,56.43114225628162,0.9099556473078573,1
4.9602606982413695,1.8400611476044055,83.9603481708881,0.7086632381683269,0
12.133321864900335,2.3364367966066513,45.77162990514304,0.8085379540073973,3
1.669224804395894,0.9613808030895693,65.69727422756543,0.4423962099059153,2
2.1028324281515487,0.6696923192374807,93.36278308294443,0.38474629775771124,2
4.5373615175176765,1.5178957738417973,79.14051214182356,0.7721668637539338,0
7.856154275393009,1.7235385877331022,49.054241151577294,0.9220921810495813,1
2.3236415194364977,0.7384738041404987,74.45897229435995,0.4134524585847963,2
4.818525662142923,1.50320090228121,48.29604153969374,0.8120781099883315,0
1.8223380475643047,0.810320545508793,89.75113947537606,0.347972526808672,2
3.771443522914244,1.4302529237222752,65.29990700298055,0.7922302908323646,0
8.11921607950736,2.6393563974891348,54.602324865115115,0.9549906376114179,1
7.6672599242939246,2.152548981319446,60.06800289732249,0.8837108458126248,1
4.422761787398763,1.9870505980607083,55.91071683481648,0.7109050395723361,0
7.649752261011137,2.503933783550725,31.88503480053777,0.893237449193441,1
7.510029036263466,3.1580173640387526,58.71237485391316,0.8370181168458268,1
13.650330818140569,2.524349714709347,39.133446214934544,0.8605294772479617,3
9.89140618574056,2.7002028206207274,31.4842107500739,0.7984011883121054,3
8.391239230563922,2.2366317304120913,55.802766538105175,0.9963525478424844,1
2.2521275562416645,0.775724158627434,78.67617771076966,0.41279571690678035,2
5.521441058015686,1.964013294570318,60.41566949083547,0.7173846076198203,0
11.615463749925269,2.6612448374147974,58.27338818534244,0.9644581309279499,3
9.481567061545212,2.4419124867462743,36.55397143867896,0.882395340682015,3
7.544310760701561,2.1194088313320525,60.973042527530694,0.8267773590376333,1
8.052548210149558,2.7827684467796434,34.13097202383854,0.937147898164174,1
2.1262925259793213,0.9074123078717007,65.79197858375426,0.33047732649012196,2
2.0631287438764687,0.802198853409669,72.82176085883206,0.4336948769404524,2
7.6565455221140395,2.5227667780267327,42.0678882753119,0.9585920275257614,1
11.361188986990497,2.896978590263046,43.38332006877657,0.9099104569033781,3
2.208087416454242,0.7026832515991934,82.62189316968097,0.5047337011763126,2
8.718094992997038,2.69814728600659,51.64902010527636,0.9043781390500931,1
3.7203111289382704,2.04534035318356,60.61764820004771,0.7191413515148436,0
1.9676179581492004,0.6631976878397794,78.56745287007497,0.47159468264712506,2
9.339394433127726,2.2418264280871,38.85687989012509,1.049767643710915,1
11.824229128295249,2.408004424790862,38.088422851700614,0.84865553076675,3
3.622509847169945,1.8434067320080905,71.46629957013897,0.7243927098569621,0
12.327302075035602,2.5830454471454734,47.290104945690324,0.8137298801291607,3
4.679234986784905,1.7967578829845505,63.9023969005764,0.8241029273253424,0
6.677630114812214,2.7441210995993206,50.901102021431214,0.9348356734119495,1
8.771109492465706,1.9921108675021326,59.805144325128246,0.8950453191937191,1
7.942316935046938,2.6283833597869752,52.42856915725894,1.0027096947597383,1
4.165084002691268,1.6345825159769707,41.00388364222458,0.7869378385597803,0
13.380567440430596,3.0525607329213784,45.650669063173524,0.858149232282184,3
4.427488561124117,1.9045397756753046,66.17577939397881,0.6959406985735236,0
1.2677186460754206,0.8033829475148841,79.28585079681572,0.4007968596921667,2
2.657656538831113,0.9067597946429,87.33323391586637,0.3681486538527569,2
2.6660657620889823,0.8090714792614324,62.859644894239715,0.3488891359791187,2
16.32461709106234,2.623461135778949,50.50943650955613,0.8407209776839842,3
7.583208983991415,2.622833575419534,60.55924783233725,0.9382255225050187,1
4.704328951675348,2.0097390026408246,48.77771517692686,0.6595749804605405,0
6.113825397294999,2.629106784654219,61.09331705164565,0.8834279464320882,1
4.251420629131516,1.6908646693354532,59.691448016319185,0.7865286255867633,0
2.0060281234004003,0.9013839217971534,80.62368773517491,0.4379931913240941,2
6.078057887526793,2.2972600453036747,39.19837208744893,0.8496566102914389,1
2.3974651504589186,0.9403339900968486,99.44895304851555,0.3444909355896718,2
4.675077499978943,1.6730599804822461,64.04581223438187,0.782769943829851,0
12.206551571261112,2.9318829990051163,55.53492198592339,0.9270741867815888,3
3.4329815328344755,1.5120427132941239,63.41451104656825,0.8212472154932228,0
11.355767987202062,2.2893341912187095,50.155603208068584,0.8273064975665378,3
1.442782201069563,0.8151821114238543,83.39211882474532,0.3768739797314976,2
12.207679650096544,2.5647922282459614,33.63743757723856,0.8782638102494332,3
2.1380180124413357,0.6492668559275464,61.626749012933885,0.3981102935918374,2
1.5106781722262848,0.9762436804455706,63.67440919280311,0.5302062094078599,2
1.8021487104144172,0.7620025451527264,53.80925103869136,0.48257827019648364,2
2.091096213097062,0.7971883130592426,75.87054482832211,0.35811181027663136,2
8.238866608898796,3.0714591436940117,47.402599472870534,0.902025482819277,1
8.845344634035744,2.7645685615716165,46.59344802229183,0.8890992607090069,1
12.7538095273725,2.85373671624282,33.108407237708185,0.8989760365324717,3
2.5544123271742425,0.7440045672430193,59.018802546130466,0.38542850279494856,2
3.7386757626621745,1.9868616136980661,70.04983492576298,0.728037721911564,0
3.932581940983155,1.8247331036605434,73.0713951273765,0.7327661637066494,0
1.869287738210295,0.7185366072097743,76.41204007475777,0.4827265071114524,2
1.914022932860775,0.8612890807044591,73.94426960674681,0.3567785535823259,2
2.4489802402222143,0.6500203604295289,104.74806417670025,0.4325757428716266,2
7.0029892319414415,2.561712324776929,38.81068814117586,0.9321115347172525,1
7.799907965137521,2.1797519772293055,52.023138780767155,0.895420531219697,1
7.969697382730566,2.6857188233786657,42.60345852945013,0.9442924925913733,1
2.4217045642911925,0.963141985028878,68.70724160303767,0.40792175391406554,2
6.3463873553885435,2.443652457323014,46.49544490367704,0.981975044294112,1
6.436428284041713,2.174964980460251,39.56578879712844,1.0258916597615686,1
4.654957190166632,1.5615381636603056,80.50211393539635,0.7344621277332345,0
6.23822184429065,2.1736682381381818,59.823156606398655,0.884042694170961,1
4.656522160994003,1.8116065857106987,56.2913175090725,0.6873431168723293,0
4.192353201758783,1.5478237502421424,48.74947771805324,0.8103135051451821,0
1.9301316521074554,0.9202312055444348,52.00088180229629,0.37178715396267326,2
12.147509799445253,2.6658587932360827,58.344542196498864,0.8354549515446854,3
4.266390291979689,1.8212618393094848,54.638706343236635,0.7671386471068069,0
5.157075487134122,1.7523434696963405,41.06295523169621,0.755488581434764,0
4.623160332144292,1.6724720227325012,40.37560547380144,0.6905844224433222,0
8.694741679408313,2.786760628568984,57.20530008328613,0.8959749509402244,1
8.753886894708442,3.0948069037020196,59.55390305661874,0.975224589516154,1
2.1751235336554675,0.8951260574341607,85.25698373519813,0.4923953475883449,2
1.507636104833844,0.822847708018937,65.55768636504733,0.4557324817446385,2
2.2169052522954034,0.7924479099903966,101.73273052924742,0.4908043518695772,2
4.549073621694074,2.0320052970583573,58.67401900792306,0.7010650274215116,0
4.270035280195369,1.7765685056978906,84.90779883623259,0.7839934005507311,0
4.68339612341062,1.5477369573897337,56.807030304358854,0.7460048457510687,0
10.908471634513244,2.6705125223360557,53.15287346220284,0.8067983605147533,3
11.72038042130148,2.4415077762537516,41.456004071927396,0.852887766944355,3
8.36803743343994,2.2195967323137262,46.85293223877956,0.8989053263087483,1
2.3603991768596693,0.7848060560899639,52.94277933830615,0.4327641103985664,2
5.44671145267293,2.1961841888207676,47.91025793005928,0.8458178363021658,1
12.385974106011181,2.622081700635257,42.90005774299188,0.7706056896273787,3
4.390940956263055,1.5120714851940504,77.14942482404116,0.6999731743945824,0
13.579241026813547,2.702388931776956,49.96640303196461,0.8826862145280486,3
1.4188853147303453,0.8237523298344989,85.33172400252678,0.3385938530641038,2
10.543251823043196,2.4332657500407535,50.12045041289472,0.8298544680707219,3
9.564143984988295,2.7442671589826775,44.11084199221845,0.8617389634309701,3
1.862099395780199,0.8405305632691601,75.79245450685922,0.3806729027866636,2
2.3636870137656616,0.7937374658704701,94.41754554850863,0.34183732449700743,2
9.349953865781321,2.7015865944737785,45.55088749010209,0.777966611035687,3
4.14563633472682,1.7946954080957787,51.411548502785934,0.7868437942086512,0
7.854263645102611,2.5865991975862777,40.3525344793593,0.848282862264672,1
8.453436463826677,2.498329026134831,42.272728744846546,0.9250248822569558,1
8.341478129013316,1.800680773408133,61.39159359971291,0.9024877625015876,1
11.491048262945196,3.041841003152324,37.19952755060477,0.8942845147267007,3
9.502665079062282,2.972113625388264,43.67430676092461,0.7976072791263055,3
5.574704056611754,1.5064814191896927,62.44946086538032,0.7405025453711904,0
1.8002832121803567,0.624963250985757,74.25298271777918,0.45805947767050353,2
11.359081668434312,2.4831196456266706,47.63915615977182,0.8224518747958911,3
12.33575400222537,2.6080850976663763,49.64334356440602,0.8276483617165726,3
3.9517481444625,1.9566885681814692,69.53255448520777,0.7940350309195614,0
8.216484842924661,2.3943782419092936,49.972510439826614,1.0023804223002173,1
11.567766718688084,2.662020806123156,41.12345799449672,0.8442723917479686,3
11.60430215424393,2.6456017450272102,43.84672482323551,0.8548198611971719,3
15.193815354857922,2.525585279290683,68.53986613275603,0.8637961903709673,3
9.838947305011954,2.270474566022213,51.4676296704435,0.8870742724822529,1
4.9677727169877075,1.9082565522564323,74.76468761820504,0.6972916622552876,0
3.865764288328931,1.9325832341887261,60.63664943783832,0.8482417684864059,0
12.16926678277913,2.3891026662691726,43.422846411184985,0.885169965628004,3
4.618656710234898,1.9991364537283178,68.93589418903917,0.7265375624621725,0
5.0145187760939764,1.4611388300332162,60.04588732406575,0.741991772712182,0
2.6553669859295104,0.5781185087413044,75.96125329919937,0.38072184759229155,2
7.201839146208432,2.3886162768387535,54.76444615396709,0.8626649345237257,1
2.031155469118713,0.9366011339211308,78.19168297398562,0.46839326886137833,2
2.078265788682563,0.6158783759037969,70.39034880328632,0.3600894224576823,2
6.971000460530782,2.563547584983419,57.427111646434916,0.9108967437652072,1
1.886166208803083,0.8340464147652198,66.73474455809418,0.3900437656477286,2
7.801367691675564,2.7360768679442176,55.63576801336714,0.8438616667343315,1
3.1500703147002707,2.097740101837793,90.73644150934275,0.6544949816177118,0
11.193763853345475,2.710512764146257,67.59043753930958,0.8154866431865072,3
7.805479414459026,3.0046692418210452,63.519765950839755,0.9309296478917947,1
1.9588709354699632,0.8711132781401273,72.40967934816578,0.3435227276929614,2
12.39279675586019,2.7171380974442303,51.50711788238229,0.8949846167510527,3
8.430683061976149,2.7521463076990735,44.11149197793761,0.9144014370409823,1
8.986854548836607,2.439836666438296,59.37706346950315,0.9218539601935797,1
4.551370436385729,1.7098198026246798,53.96260820399925,0.8986543350421021,0
6.7373932730220645,2.619798380427547,51.667720443827875,0.8730320908087449,1
9.19655034027774,2.420260048578492,49.27705777818578,0.9402476338793031,1
12.461312522536087,2.9126424897169185,46.44532142861522,0.9273052997298568,3
12.495883967984605,2.784979940257664,39.35702817162708,0.8832934281469803,3
4.401636651911385,2.0314201796620472,100.66625948706891,0.7837070378026348,0
5.083133252687638,1.7765405082752996,67.7510406051759,0.7041569579626621,0
4.788984325133112,1.8107145085367664,57.166906048060476,0.7999438756743966,0
2.067277480884446,0.7889998322153706,68.7063504318807,0.3702727792450705,2
8.0310716694641,2.5339955771912757,53.92080071133551,0.8991015100814105,1
9.89574308330986,2.8725325019013224,31.47318674311287,0.846180093881587,3
12.870391408117557,2.617661098681709,41.32905089911574,0.8241586856308513,3
6.866803183779794,2.537574013584188,66.17115435182873,0.8604848698447176,1
1.8824367573176621,0.9076684475214799,69.05371240088661,0.49393839852243177,2
11.718157431954106,2.4676321352710873,36.51329054424573,0.7559565188748232,3
13.141444239564725,2.6145461334299553,46.237268269978564,0.804616752759353,3
3.768309962779437,1.7731302690310136,39.559048346440214,0.6560263723524364,0
3.8013680181364444,1.8038800680424696,108.56518325025665,0.7251050316962482,0
1.6090279573561768,0.8595455165896054,69.79725752130942,0.3981922501430383,2
1.8237716770852865,0.6602144942604893,77.86927231507467,0.34248023159558316,2
14.314756295441015,2.555520226721387,53.386099349563196,0.8572735490880298,3
12.296614029752797,2.4673494073765143,45.350546751508666,0.8163240734221523,3
5.3711079681016205,2.0039595119006193,29.719356420450353,0.7607325392365054,0
1.6758409915855297,0.8245424345349521,77.596856646218,0.3577853443875437,2
11.277362196372367,2.158386117489687,40.449142212524244,0.8921144083638516,3
8.050448184953437,2.1205933239917822,52.0151614961026,0.8855911428080281,1
1.8656290285840773,0.576501479171186,81.99271492911215,0.3768211454886117,2
10.087518960336554,2.3639136597242887,48.438953645616806,0.8793773616271268,3
2.3501905339368743,0.7196414339294601,68.67046425938513,0.32797676932908354,2
2.229165271623893,0.8535156888064757,85.09152206371995,0.35911129796106234,2
12.71480967022561,2.6336423773649824,42.42398563146057,0.9514468603069964,3
4.625333394552605,1.7635501116956132,62.433444379171995,0.6941144029605443,0
7.508281471504627,2.4444620305333165,61.776010257247165,0.784455587715644,1
1.7148206273339894,0.822950104501168,59.78366839167534,0.4643768128756214,2
1.5216147555278126,0.9416945249367132,73.47096339223174,0.47019534711745803,2
8.194793652936776,2.6935771807668116,62.06491790634293,0.8285170472748059,1
11.053559831531492,2.5745847410661464,33.69513197176732,0.8552831196210181,3
4.7783111232284705,1.7415150219378819,82.49044747517483,0.7768682082667113,0
2.292169058537569,0.9225804220761571,29.406431620065476,0.4286472921989813,2
8.735032557701436,2.60904442970289,55.31304054719532,0.8423408811646412,1
11.966160758777912,2.9959648308433113,41.65556191351535,0.9081722044793396,3
5.052363675592313,1.9705211016214361,53.1563951284773,0.6832353178931226,0
8.607409225469173,2.51852778664109,55.992094017700474,0.8622369799856521,3
11.039755432883064,2.2434875689388085,43.48686152776212,0.8651122233377687,3
10.993044293468616,2.62498677317116,60.26689737532952,0.7936981515942811,3
11.787263591009278,2.621362550755565,43.44802879151494,0.901476352146867,3
1.886019855337753,0.7811710193477914,48.164240718557835,0.4202160141247845,2
13.174168331087882,2.4511178666991498,42.74809786373897,0.7013182915651779,3
2.1902135578335886,0.802738828930229,88.87188332124299,0.4231237728535644,2
2.010038134843529,0.888405897688306,44.87109092703008,0.4431085160712654,2
7.2061237175488175,2.6813594526781963,51.70053083165217,1.0055644003346569,1
2.0048432698469747,0.8753525369837174,89.41881699728367,0.3641769885078049,2
8.077985151039314,2.0655927359422788,60.26706181845111,0.9122000929115844,1
11.13635022163523,2.5435981878090996,26.796826502783,0.8168214067615475,3
2.27504380372364,0.6864391775897176,69.25247485930818,0.4353429667259245,2
5.022587435256117,1.9902344602969193,46.89136146792401,0.8060762629208111,0
4.890523951153791,1.7694087206989468,72.82596799415126,0.693768378372608,0
2.362418807394009,0.9874985487954842,52.61725478811008,0.4184721217430511,2
2.287789167237106,0.9121817429435144,115.20572648665444,0.4051325651387386,2
15.13159700725382,2.661840941342983,59.161843346545595,0.8284357101576871,3
1.559844659543454,0.7835794894194231,78.15100737251339,0.39977905796394897,2
4.682811830800984,1.8867643736873732,65.23033387575386,0.7706106331386127,0
5.105813849552357,1.6868075847642934,73.91326949088692,0.8305518794856809,0
11.797089229299733,2.6988279434076805,35.83333105974345,0.8546318395188522,3
10.113156258922363,2.3888136395928647,58.633338958696626,0.7938927929891451,3
12.508676053326361,2.4696818798415014,46.48431255287764,0.8960409421956244,3
1.7561322912188544,0.9041773575101971,79.96494810068629,0.48522136010248196,2
8.616017370154621,2.4281723357700806,40.174492920425614,0.8829733139358894,1
4.2592890260681555,1.8177221510327457,74.21499397396138,0.7842143443750103,0
13.78906360485931,2.3118047594191795,41.26275042694985,0.8934017003617967,3
7.937684870337735,2.6168189789848872,70.15903216000457,0.9152598349422973,1
2.5192651870920053,0.7744845829303837,80.88127448653631,0.41741345151761905,2
6.699436843899762,2.5032638837204964,41.89888339132098,0.9473368393024448,1
3.8832747236580456,1.5617833549537288,61.08178179378207,0.7561801657380681,0
4.8938754161310545,1.6954457785060613,52.95038891016014,0.8071131286527379,0
1.8492746353746061,0.8825534168834365,79.64573935075575,0.373246205285877,2
8.571027809452808,2.102476733716685,36.577391106864674,0.898635614145205,1
10.574371344986714,2.3959962376100408,34.587729529973856,0.8238065658518734,3
2.0219814243137937,0.7192572257872799,84.48173626952382,0.400989273553906,2
7.393325268858886,2.47918138979741,45.052553636592066,0.9597547045317235,1
8.132422070613394,2.632817182015189,46.94552293123309,0.7961641672467991,1
9.654447122039501,2.4767235458337957,66.5138998920156,0.9344115682705376,1
12.884092494323072,2.514041625448771,43.444995121361266,0.929154876112072,3
12.0633225029962,2.396103083106409,37.532967085958255,0.8498283329615037,3
8.140978121869507,2.300536127099946,50.09572510972232,0.860416135430166,1
4.436300125280529,1.6130322862645072,49.505255324827104,0.7471202171600699,0
4.416656334840451,2.07082332894616,75.22107523152735,0.7906706946839814,0
3.4091722032660616,1.8518160398785724,76.04281584529383,0.7832316186946133,0
1.507188655142293,0.8811521713250785,103.56352412991035,0.47306513743273926,2
2.1234283682728043,0.6484269784662793,35.24090728197184,0.394138806993108,2
15.411130158443395,2.9178323897774585,56.05736571898112,0.7775202388422989,3
8.234257033231245,2.325720962608266,57.09804850192411,0.8473174632511667,1
14.35523585189129,2.8099090154021615,53.07883164568579,0.8258241486153833,3
4.359196416966199,1.7844119284836826,53.854674841805796,0.7156835050041925,0
4.019695920891797,2.0524378121445332,48.623871642591396,0.8124717747596073,0
1.6953711934240023,0.5806678944087801,78.40389692627944,0.38786366053829047,2
7.623260741094713,2.313558747655046,54.62957939995864,0.8886135146264799,1
11.473965362706766,2.525512404760915,43.88153361296998,0.8419763517279899,3
1.866885926781964,0.7646869540231113,38.04106816441146,0.23060474033093142,2
4.413323286997515,1.6307913008660249,62.74902469010742,0.761500071427182,0
4.666045667674152,2.0649179553875507,63.345954735613795,0.7798313850445404,0
8.654838148386288,2.454516001469149,74.37753875843349,0.8580659612309776,1
1.5525641674645285,0.8137568996746305,83.8881458878128,0.4509135636294378,2
4.771330542487019,1.845012268404278,33.74145579768636,0.8731040433642381,0
2.263754836280437,0.9170321579447034,58.263892364283905,0.44468855896448733,2
2.4318251347019686,0.8774544244693008,39.142513991079895,0.46813288321871777,2
6.271648848984988,2.3696996668526378,60.25726431533081,0.9403829984772015,1
2.0469541921559538,0.7834851485848902,100.08182270885254,0.3125596196178126,2
1.9430832962364737,0.5629478091357589,45.68609081379701,0.4666000727740212,2
13.175920759375739,2.8077496567597913,53.57347317609975,0.84545476079337,3
14.197427950835877,2.6906226412122294,51.79707809663641,0.8657161760108097,3
3.975457270766694,1.8212444280887903,49.67108823667976,0.7111502626771486,0
2.123985792317701,0.8089969173782012,98.7168624432025,0.3772566168881801,2
13.128691893249133,2.561388659955795,43.48407475547301,0.8658462500241031,3
11.658043517985654,2.5907137975882866,46.67815882102436,0.8132820831172414,3
3.8685084857863368,1.705692311949568,56.27493438572631,0.7049970342473004,0
10.440341668386349,2.4330875372234297,41.10176488147889,0.8427693232945465,3
1.7244376314845864,0.7341479947969982,70.54574009049811,0.30162543400002956,2
1.9486202827660586,0.707395685923369,40.37719256023611,0.40600498245024275,2
4.546141212554534,1.9950805117792885,68.53438154576322,0.8044246748827557,0
2.0503975980601057,0.8327509398083995,94.1187766070213,0.3988025080992477,2
12.265698543678038,2.999394992879101,49.518408659886845,0.8736243273689085,3
1.8606032407925548,0.6915852273347735,76.81150632863148,0.4982124155516384,2
1.9703285629099028,0.8400602668685954,58.184510673052735,0.39319979027786517,2
8.332646015186192,2.6808881441746446,58.734568669676726,0.8403219695814703,1
1.3691141879965003,0.592743697059368,75.10792592264525,0.45746540998090013,2
9.069901838736882,2.6236764015427796,49.822681267784,0.8046954709277003,1
7.013176810140813,2.7755919510324416,39.34313628193967,0.962021945087673,1
4.737251863313819,1.8428232404158853,64.17749876206427,0.8115281679995761,0
7.398887662155318,2.357700990399222,50.761576565863,0.8881104557977373,1
5.370360598605949,1.795370322740479,72.45288306067438,0.6968663405316753,0
1.8725664642873188,0.8189007607848964,68.21270960745984,0.43457408007794557,2
4.168658679367893,1.628656344568688,66.00715471315758,0.6965947100101125,0
4.99066877748859,1.9127976539859988,73.44004346161135,0.7684723989550971,0
7.158774313179943,2.547932198500975,31.344447524352756,0.8913294805576852,1
13.98449681437021,2.5239251066730017,40.32988095002938,0.7930740349178653,3
1.6255619671191255,0.8046589341018358,82.17645269305413,0.4370935623925613,2
5.16096548478849,1.8391376031212747,27.819270716302725,0.7003571716844408,0
12.75585278962595,2.528588948660029,51.9468347525834,0.8621814816130836,3
2.286104490622947,1.018696011631926,70.14427507047637,0.2768955517479871,2
8.153359832037482,2.0580861403769988,49.31972275044047,0.8526338218000686,1
5.362874015414587,1.5698299310553443,77.6465633505195,0.8096262391773762,0
11.001904244997819,2.8283083301406977,33.322869780872786,0.8761874267733826,3
6.596121560397231,2.5633170229661832,69.54253214732796,0.9089085680638808,1
1.759790088787822,0.7745796021499717,45.873510847195895,0.35991235959891,2
1.8634013487338625,0.9433713069698993,82.56603830432142,0.3052445203809592,2
12.89104246896609,2.9305197728104257,31.4540860681574,0.7830075691966526,3
13.021831326465477,2.605670915529563,44.49580045014659,0.873895582855167,3
2.148055718493124,0.7053962241166845,51.19161425140555,0.36471216477291807,2
3.3302501253381145,1.709986001619045,50.25999004748379,0.7778623383067266,0
15.476701485516198,2.797777069781604,48.25564292805248,1.0018501726340032,3
10.766047165944668,2.5129374816583483,48.339365330518035,0.8457760178132995,3
4.267821775355612,1.5797003766477324,57.01044843521264,0.7891308534860344,0
1.9722346562696882,0.7836862148156463,61.0933675847386,0.43624565077594213,2
4.2619550110438515,1.755546547669977,45.393627484519705,0.7304080259082518,0
1.7660766661725478,0.7087072735306764,54.65537062861264,0.3886252366474821,2
8.027665966044177,2.6980887532090922,47.979924886564056,0.8929265396095115,1
2.2648360805368766,0.8880289705637228,39.63130953195697,0.395947517739199,2
9.074896780008736,2.2533874902160567,58.86674508148797,0.9122945951423953,1
2.097429940321449,0.8061198482859038,39.32793989717741,0.40470753731380943,2
2.0134746868511204,0.7506438693859825,79.47274651685551,0.4506975781951374,2
11.831028836568633,2.7196889404675755,34.31104704988041,0.8365402978398846,3
11.535863284352061,2.6514424006346946,43.458706985223856,0.9011988748990021,3
13.157668505618716,2.4540477871151545,39.99993544308726,0.9147509830778031,3
3.873578334250733,1.4678200405272839,53.105352078511565,0.7718141456078614,0
10.402885721490527,2.907355969483382,36.71593705413027,0.932596590460119,3
5.1939037667993135,1.7154366888777517,43.19855328176941,0.7977901258846307,0
4.7185605073713806,1.912218690845255,74.5485989001291,0.7466838982383639,0
8.780410787576134,2.000065397305885,51.45105833393398,0.9387080420677578,1
4.766429671140459,1.7798191378956498,58.0278900881026,0.8169668734528707,0
15.296039497615054,2.717311016346357,44.236543489313114,0.8864206124049004,3
